<?xml version="1.0" encoding="UTF-8"?>
<bindings xmlns="http://www.mozilla.org/xbl" xmlns:xul="http://www.mozilla.org/keymaster/gatekeeper/there.is.only.xul" xmlns:xbl="http://www.mozilla.org/xbl">
    <binding id="toptabs">
        <implementation>
            <field name="NavigatorToolbox">document.getElementById("navigator-toolbox");</field>
            <field name="NavBar">document.getElementById("nav-bar");</field>
            <field name="MenubarItems">document.getElementById("menubar-items");</field>
            <field name="tabdropindicatorbar">document.getAnonymousElementByAttribute(document.getElementById("content"), "class", "tab-drop-indicator-bar");</field>
            <constructor><![CDATA[
                this.toptabssize();
                setTimeout(() => {
                    this.toptabssize();
                }, 0);
            ]]></constructor>
            <method name="toptabssize">
                <body><![CDATA[
                    var marginnavbar = this.boxObject.height - 1;
                    var marginFull = this.NavigatorToolbox.boxObject.y;
                    this.NavBar.setAttribute("style", "margin-top: " + marginnavbar + "px !important;");
                    this.setAttribute("style", "top: " + marginFull + "px;");
                    this.tabdropindicatorbar.setAttribute("style", "top: " + marginFull + "px;");
                    this.MenubarItems.setAttribute("style", "top: 0px;");
                ]]></body>
            </method>
        </implementation>
    </binding>
    <binding id="toptabsnor">
        <implementation>
            <field name="NavigatorToolbox">document.getElementById("navigator-toolbox");</field>
            <field name="NavBar">document.getElementById("nav-bar");</field>
            <field name="MenubarItems">document.getElementById("menubar-items");</field>
            <field name="tabdropindicatorbar">document.getAnonymousElementByAttribute(document.getElementById("content"), "class", "tab-drop-indicator-bar");</field>
            <constructor><![CDATA[
                this.toptabssize();
                setTimeout(() => {
                    this.toptabssize();
                }, 0);
            ]]></constructor>
            <method name="toptabssize">
                <body><![CDATA[
                    var marginnavbar = this.boxObject.height - 1;
                    var marginNor = this.NavigatorToolbox.boxObject.y;
                    this.NavBar.setAttribute("style", "margin-top: " + marginnavbar + "px !important;");
                    this.setAttribute("style", "top: " + marginNor + "px;");
                    this.tabdropindicatorbar.setAttribute("style", "top: " + marginNor + "px;");
                    this.MenubarItems.setAttribute("style", "top: 0px;");
                ]]></body>
            </method>
        </implementation>
    </binding>
    <binding id="toptabsmax">
        <implementation>
            <field name="NavigatorToolbox">document.getElementById("navigator-toolbox");</field>
            <field name="NavBar">document.getElementById("nav-bar");</field>
            <field name="MenubarItems">document.getElementById("menubar-items");</field>
            <field name="tabdropindicatorbar">document.getAnonymousElementByAttribute(document.getElementById("content"), "class", "tab-drop-indicator-bar");</field>
            <constructor><![CDATA[
                this.toptabssize();
                setTimeout(() => {
                    this.toptabssize();
                }, 0);
            ]]></constructor>
            <method name="toptabssize">
                <body><![CDATA[
                    var marginnavbar = this.boxObject.height - 1;
                    var marginMax = this.NavigatorToolbox.boxObject.y;
                    this.NavBar.setAttribute("style", "margin-top: " + marginnavbar + "px !important;");
                    this.setAttribute("style", "top: " + marginMax + "px;");
                    this.tabdropindicatorbar.setAttribute("style", "top: " + marginMax + "px;");
                    this.MenubarItems.setAttribute("style", "top: " + marginMax + "px;");
                ]]></body>
            </method>
        </implementation>
    </binding>
    <binding id="toptabsload">
        <implementation>
            <constructor><![CDATA[
                var toptabsloads = document.getAnonymousElementByAttribute(document.getElementById("content"), "anonid", "strip");
                window.addEventListener("load", function toptabsOnLoad() {
                    window.removeEventListener("load", toptabsOnLoad, false);
                    toptabsloads.toptabssize();
                    setTimeout(() => {
                        toptabsloads.toptabssize();
                    }, 0);                    
                }, false);
            ]]></constructor>
        </implementation>
    </binding>
</bindings>
