<?xml version="1.0" encoding="UTF-8"?>
<bindings
  xmlns="http://www.mozilla.org/xbl"
  xmlns:xul="http://www.mozilla.org/keymaster/gatekeeper/there.is.only.xul"
  xmlns:xbl="http://www.mozilla.org/xbl">
    <binding id="menu">
        <implementation>
            <field name="sidebarbox">document.querySelector("#sidebar-box");</field>
            <constructor><![CDATA[
                this.menusize();   
                this.sidebarbox.topbottomsidebar();
            ]]></constructor>
            <method name="menusize">
                <body><![CDATA[
                    this.setAttribute("style", "");
                ]]></body>
            </method>
        </implementation>
    </binding>
    <binding id="menunor">
        <implementation>
            <field name="titlebarc">document.querySelector("#titlebar-content");</field>
            <field name="titlebarb">document.querySelector("#titlebar-buttonbox");</field>
            <field name="sidebarbox">document.querySelector("#sidebar-box");</field>
            <constructor><![CDATA[
                this.menusize();
                this.sidebarbox.topbottomsidebar();
            ]]></constructor>
            <method name="menusize">
                <body><![CDATA[
                    if (this.titlebarc !== null) {
                        var marginNor = this.titlebarc.boxObject.y;
                        if (this.titlebarb !== null)
                            marginNor = +window.getComputedStyle(this.titlebarb).getPropertyValue("padding-top").match(/[0-9]+/g)[0] + marginNor;
                        this.setAttribute("style", "top: " + marginNor + "px;");
                    } else this.setAttribute("style", "top: 0px;");
                ]]></body>
            </method>
        </implementation>
    </binding>
    <binding id="menumax">
        <implementation>
            <field name="titlebarc">document.querySelector("#titlebar-content");</field>
            <field name="sidebarbox">document.querySelector("#sidebar-box");</field>
            <constructor><![CDATA[
                this.menusize();
                this.sidebarbox.topbottomsidebar();
            ]]></constructor>
            <method name="menusize">
                <body><![CDATA[
                    if (this.titlebarc !== null) {
                        var marginNor = this.titlebarc.boxObject.y;
                        this.setAttribute("style", "top: " + marginNor + "px;");
                    } else this.setAttribute("style", "top: 0px;");
                ]]></body>
            </method>
        </implementation>
    </binding>
    <binding id="menuload">
        <implementation>
            <field name="menubaritems">document.querySelector("#menubar-items");</field>
            <field name="titlebarcontent">document.querySelector("#main-window[chromemargin^='0,'][sizemode='normal'] > #titlebar > #titlebar-content");</field>
            <constructor><![CDATA[
                window.addEventListener("load", this, false);
            ]]></constructor>
            <method name="handleEvent">
                <parameter name="event"/>
                <body><![CDATA[
                    window.removeEventListener("load", this, false);
                    this.menubaritems.menusize();
                    setTimeout(() => {
                        this.menubaritems.menusize();
                    }, 0);
                    if (!this.titlebarcontent || !this.titlebarcontent.bordertopwidth) return;
                    this.titlebarcontent.bordertopwidth();
                ]]></body>
            </method>
        </implementation>
    </binding>
    <binding id="titlebar">
        <implementation>
            <method name="bordertopwidth">
                <body><![CDATA[

                ]]></body>
            </method>
        </implementation>
    </binding>
    <binding id="titlebarnor">
        <implementation>
            <constructor><![CDATA[
                this.bordertopwidth();
                setTimeout(() => {
                    this.bordertopwidth();
                }, 0);
            ]]></constructor>
            <method name="bordertopwidth">
                <body><![CDATA[
                    var win = document.documentElement;
                    var border = window.getComputedStyle(win).getPropertyValue("border-top-width");
                    win.style.setProperty("--border-top-width-root-element", border);
                ]]></body>
            </method>
        </implementation>
    </binding>
    <binding id="sidebar">
        <implementation>
            <field name="panelcontainer">document.getAnonymousElementByAttribute(document.querySelector("#content"), "anonid", "panelcontainer");</field>
            <field name="statusbar">document.querySelector("#browser-bottombox");</field>
            <field name="sidebar">document.querySelector("#sidebar");</field>
            <field name="timer">null;</field>
            <constructor><![CDATA[
                this.topbottomsidebar();
                window.addEventListener("resize", this, false);
                window.addEventListener("toolbarvisibilitychange", this, false);
            ]]></constructor> 
            <destructor><![CDATA[
                window.removeEventListener("resize", this, false);
                window.removeEventListener("toolbarvisibilitychange", this, false);
            ]]></destructor>
            <method name="handleEvent">
                <parameter name="event"/>
                <body><![CDATA[
                    this.topbottomsidebar();
                ]]></body>
            </method>
            <method name="topbottomsidebar">
                <body><![CDATA[
                    clearTimeout(this.timer);
                    this.timer = setTimeout(() => {
                        this._topbottomsidebar();
                    }, 300);
                ]]></body>
            </method>
            <method name="_topbottomsidebar">
                <body><![CDATA[
                    var margintop = this.panelcontainer.boxObject.y; 
                    var bottomsidebar = this.statusbar.boxObject.height; 
                    this.setAttribute("style",  "top: " + margintop + "px !important; bottom: " + bottomsidebar + "px !important;");
                ]]></body>
            </method>
        </implementation>
        <handlers>
            <handler event="dragenter"><![CDATA[
                if (this.sidebar.getAttribute("src") == "chrome://browser/content/bookmarks/bookmarksPanel.xul") {
                    var types = event.dataTransfer.types;
                    if (types.contains("text/x-moz-url") || types.contains("text/x-moz-text-internal")) this.setAttribute("sidebardrag", "true");
                }
            ]]></handler>
            <handler event="drop"><![CDATA[
                if (this.hasAttribute("sidebardrag")) this.removeAttribute("sidebardrag");
            ]]></handler>
            <handler event="dragexit"><![CDATA[
                var target = event.relatedTarget;
                var closes = null;
                if (target && target.closest) closes = target.closest("vbox#sidebar-box, page#bookmarksPanel");
                if (!closes && this.hasAttribute("sidebardrag")) this.removeAttribute("sidebardrag");
            ]]></handler>
        </handlers>
    </binding>
</bindings>
