<?xml version="1.0"?>
<bindings xmlns="http://www.mozilla.org/xbl">
    <binding id="size" bindToUntrustedContent="true">
        <implementation>
            <field name="sprefs">null;</field>
            <field name="padding">0;</field>
            <constructor><![CDATA[
                const PADDING = "1.5rem";
                this.sprefs = Components.classes["@mozilla.org/preferences-service;1"].getService(Components.interfaces.nsIPrefService).getBranch("browser.newtabpage.");
                this.style.padding = PADDING;
                setTimeout(() => {
                    this.padding = +window.getComputedStyle(this).getPropertyValue("padding-top").match(/[0-9]+/g)[0] * 2;
                    this.sizetable();
                    window.addEventListener("resize", this, false);
                }, 0);
            ]]>
            </constructor>
            <destructor><![CDATA[
                window.removeEventListener("resize", this, false);
            ]]></destructor>
            <method name="handleEvent">
                <parameter name="event"/>
                <body><![CDATA[
                    this.sizetable(); 
                ]]></body>
            </method>
            <method name="sizetable">
                <body><![CDATA[
                    const RATIO = 0.5;
                    const MINWIDTHCELL = 100;
                    const MAXWIDTHCELL = 350;
                    var padding = this.padding;
                    var width = window.innerWidth - padding;
                    var height = window.innerHeight - padding;
                    var rows = this.sprefs.getIntPref("rows");
                    var columns = this.sprefs.getIntPref("columns");
                    var ratio = (rows / columns) * RATIO;
                    var widthpage = width;
                    var heightpage = widthpage * ratio;
                    if (height < heightpage)
                        widthpage = height / ratio;
                    var widthcell = widthpage / columns;
                    if (widthcell > MAXWIDTHCELL) {
                        widthcell = MAXWIDTHCELL;
                        widthpage = widthcell * columns;
                    } else if (widthcell < MINWIDTHCELL) {
                        widthcell = MINWIDTHCELL;
                        widthpage = widthcell * columns;
                    }
                    this.style.setProperty("--width-newtabpage", Math.floor(widthpage) + "px"); 
                    this.style.setProperty("--width-newtabcell", Math.floor(widthcell) + "px");
                    heightpage = widthpage * ratio;
                    this.style.setProperty("--height-newtabpage", Math.floor(heightpage) + "px");
                    this.style.setProperty("--height-newtabcell", Math.floor(heightpage / rows) + "px");
                    if (height > heightpage)
                        this.style.setProperty("--top-newtabpage", Math.round((height - heightpage) / 2) + "px");
                    else
                        this.style.setProperty("--top-newtabpage", "0px");
                ]]></body>
            </method>
        </implementation>
    </binding>
</bindings>
