<?xml version="1.0"?>
<bindings xmlns="http://www.mozilla.org/xbl"
    xmlns:html="http://www.w3.org/1999/xhtml"
    xmlns:xul="http://www.mozilla.org/keymaster/gatekeeper/there.is.only.xul"
    xmlns:xbl="http://www.mozilla.org/xbl">
    <binding id="urlbar-rich-result-popup">
        <implementation>
            <constructor><![CDATA[
                var popup = document.querySelector("#PopupAutoCompleteRichResult");
                if ("_openAutocompletePopup" in popup)
                popup._openAutocompletePopup = this.openAutocompletePopup;
            ]]></constructor>
            <method name="openAutocompletePopup">
                <parameter name="aInput"/>
                <parameter name="aElement"/>
                <body><![CDATA[
                    if (this.mPopupOpen)
                        return;

                    this.mInput = aInput;
                    aInput.controller.setInitiallySelectedIndex(this._isFirstResultHeuristic ? 0 : -1);
                    this.view = aInput.controller.QueryInterface(Components.interfaces.nsITreeView);
                    this._invalidate();
          
                    var popupDirection = aElement.ownerDocument.defaultView.getComputedStyle(aElement).direction;
                    this.style.direction = popupDirection;
                    var outerRect = window.document.documentElement.getBoundingClientRect(); 
                    var innerRect = aElement.getBoundingClientRect();
                    var width = popupDirection == "rtl" ? outerRect.right - innerRect.left : innerRect.right - outerRect.left;
                    this.setAttribute("width", width);
                    this.setAttribute("flip", "slide");
                    this.openPopup(aElement, "after_end", 0, 0, false, false);
                ]]></body>
            </method>
        </implementation>
    </binding>
</bindings>
