<?xml version="1.0" encoding="UTF-8"?>
<bindings
  xmlns="http://www.mozilla.org/xbl"
  xmlns:xul="http://www.mozilla.org/keymaster/gatekeeper/there.is.only.xul"
  xmlns:xbl="http://www.mozilla.org/xbl">
    <binding id="toptabs">
        <implementation>
            <field name="NavigatorToolbox">window.gNavToolbox || document.querySelector("#navigator-toolbox");</field>
            <field name="NavBar">document.querySelector("#nav-bar");</field>
            <field name="MenubarItems">document.querySelector("#menubar-items");</field>
            <field name="tabdropindicatorbar">document.getAnonymousElementByAttribute(document.querySelector("#content"), "class", "tab-drop-indicator-bar");</field>
            <field name="sidebarbox">document.querySelector("#sidebar-box");</field>
            <constructor><![CDATA[
                this.toptabssize();
                setTimeout(() => {
                    this.toptabssize();
                }, 0);
                this.sidebarbox.topbottomsidebar();
            ]]></constructor>
            <method name="toptabssize">
                <body><![CDATA[
                    var marginnavbar = this.getBoundingClientRect().height;
                    var marginFull = this.NavigatorToolbox.getBoundingClientRect().top;
                    this.NavBar.setAttribute("style", "margin-top: " + marginnavbar + "px !important;");
                    this.setAttribute("style", "top: " + marginFull + "px;");
                    this.tabdropindicatorbar.setAttribute("style", "top: " + marginFull + "px;");
                    this.MenubarItems.setAttribute("style", "top: 0px;");
                ]]></body>
            </method>
        </implementation>
    </binding>
    <binding id="toptabsnor">
        <implementation>
            <field name="NavigatorToolbox">window.gNavToolbox || document.querySelector("#navigator-toolbox");</field>
            <field name="NavBar">document.querySelector("#nav-bar");</field>
            <field name="MenubarItems">document.querySelector("#menubar-items");</field>
            <field name="tabdropindicatorbar">document.getAnonymousElementByAttribute(document.querySelector("#content"), "class", "tab-drop-indicator-bar");</field>
            <field name="sidebarbox">document.querySelector("#sidebar-box");</field>
            <constructor><![CDATA[
                this.toptabssize();
                setTimeout(() => {
                    this.toptabssize();
                }, 0);
                this.sidebarbox.topbottomsidebar();
            ]]></constructor>
            <method name="toptabssize">
                <body><![CDATA[
                    var marginnavbar = this.getBoundingClientRect().height;
                    var marginNor = this.NavigatorToolbox.getBoundingClientRect().top;
                    this.NavBar.setAttribute("style", "margin-top: " + marginnavbar + "px !important;");
                    this.setAttribute("style", "top: " + marginNor + "px;");
                    this.tabdropindicatorbar.setAttribute("style", "top: " + marginNor + "px;");
                    this.MenubarItems.setAttribute("style", "top: 0px;");
                ]]></body>
            </method>
        </implementation>
    </binding>
    <binding id="toptabsmax">
        <implementation>
            <field name="NavigatorToolbox">window.gNavToolbox || document.querySelector("#navigator-toolbox");</field>
            <field name="NavBar">document.querySelector("#nav-bar");</field>
            <field name="MenubarItems">document.querySelector("#menubar-items");</field>
            <field name="tabdropindicatorbar">document.getAnonymousElementByAttribute(document.querySelector("#content"), "class", "tab-drop-indicator-bar");</field>
            <field name="sidebarbox">document.querySelector("#sidebar-box");</field>
            <constructor><![CDATA[
                this.toptabssize();
                setTimeout(() => {
                    this.toptabssize();
                }, 0);
                this.sidebarbox.topbottomsidebar();
            ]]></constructor>
            <method name="toptabssize">
                <body><![CDATA[
                    var marginnavbar = this.getBoundingClientRect().height;
                    var marginMax = this.NavigatorToolbox.getBoundingClientRect().top;
                    this.NavBar.setAttribute("style", "margin-top: " + marginnavbar + "px !important;");
                    this.setAttribute("style", "top: " + marginMax + "px;");
                    this.tabdropindicatorbar.setAttribute("style", "top: " + marginMax + "px;");
                    this.MenubarItems.setAttribute("style", "top: " + marginMax + "px;");
                ]]></body>
            </method>
        </implementation>
    </binding>
    <binding id="toptabsload">
        <implementation>
            <field name="toptabsloads">this.parentNode.parentNode;</field>
            <field name="resizeiframe">null;</field>
            <field name="timer">null;</field>
            <constructor><![CDATA[
                var toptabsloads = this.toptabsloads;
                window.addEventListener("load", function load() {
                    window.removeEventListener("load", load, false);
                    toptabsloads.toptabssize();
                    setTimeout(() => {
                        toptabsloads.toptabssize();
                    }, 0);
                }, false);
                var frame = document.createElement("iframe");
                frame.setAttribute("flex", "1");
                frame.setAttribute("style", "opacity:0!important;pointer-events:none!important;width:auto!important;height:auto!important;min-width:0!important;min-height:0!important;max-width:none!important;max-height:none!important;");
                this.insertBefore(frame, this.firstChild);
                this.resizeiframe = frame;
                this.resizeiframe.addEventListener("resize", this, false);
            ]]></constructor>
            <destructor><![CDATA[
                this.resizeiframe.removeEventListener("resize", this, false);
            ]]></destructor>
            <method name="handleEvent">
                <parameter name="event"/>
                <body><![CDATA[
                    if (!this.timer)
                        this.toptabsloads.toptabssize();
                    clearTimeout(this.timer);
                    this.timer = setTimeout(() => {
                        this.toptabsloads.toptabssize();
                        this.timer = null;
                    }, 300);
                ]]></body>
            </method>
        </implementation>
    </binding>
    <binding id="sidebar">
        <implementation>
            <field name="panelcontainer">document.getAnonymousElementByAttribute(document.querySelector("#content"), "anonid", "panelcontainer");</field>
            <field name="statusbar">document.querySelector("#status-bar");</field>
            <field name="timer">null;</field>
            <constructor><![CDATA[
                this.topbottomsidebar();
                window.addEventListener("resize", this, false);
            ]]></constructor> 
            <destructor><![CDATA[
                window.removeEventListener("resize", this, false);
            ]]></destructor>
            <method name="handleEvent">
                <parameter name="event"/>
                <body><![CDATA[
                    this.topbottomsidebar();
                ]]></body>
            </method>
            <method name="topbottomsidebar">
                <body><![CDATA[
                    clearTimeout(this.timer);
                    this.timer = setTimeout(() => {
                        this._topbottomsidebar();
                    }, 300);
                ]]></body>
            </method>
            <method name="_topbottomsidebar">
                <body><![CDATA[
                    var margintop = this.panelcontainer.getBoundingClientRect().top; 
                    var bottomsidebar = document.documentElement.getBoundingClientRect().bottom - this.statusbar.getBoundingClientRect().top; 
                    this.setAttribute("style",  "top: " + margintop + "px !important; bottom: " + bottomsidebar + "px !important;");
                ]]></body>
            </method>
        </implementation>
        <handlers>
            <handler event="dragenter"><![CDATA[
                if (this.querySelector("browser.browser-sidebar[src='chrome://communicator/content/bookmarks/bm-panel.xul']:not([collapsed='true']):not([hidden='true'])") || this.querySelector("browser.browser-sidebar[src='chrome://communicator/content/search/search-panel.xul']:not([collapsed='true']):not([hidden='true'])") || this.querySelector("browser.browser-sidebar[src='chrome://messenger/content/addressbook/addressbook-panel.xul']:not([collapsed='true']):not([hidden='true'])")) {
                    var types = event.dataTransfer.types;
                    if (types.contains("text/x-moz-url") || types.contains("text/x-moz-text-internal")) 
                        this.setAttribute("sidebardrag", "true");
                }
            ]]></handler>
            <handler event="drop"><![CDATA[
                if (this.hasAttribute("sidebardrag")) 
                    this.removeAttribute("sidebardrag");
            ]]></handler>
            <handler event="dragexit"><![CDATA[
                var target = event.relatedTarget;
                var closes = null;
                if (target != null && "closest" in target) 
                    closes = target.closest("vbox#sidebar-box, page#bookmarksPanel, page#searchPanel, page#addressbook-panel");
                if (!closes && this.hasAttribute("sidebardrag")) 
                    this.removeAttribute("sidebardrag");
            ]]></handler>
        </handlers>
    </binding>
    <binding id="disabledhidestopreload" extends="chrome://global/content/bindings/toolbarbutton.xml#toolbarbutton">
        <implementation>
            <constructor><![CDATA[
                document.documentElement.setAttribute("disabledhidestopreload", true);
            ]]></constructor>
            <destructor><![CDATA[
                document.documentElement.removeAttribute("disabledhidestopreload");
            ]]></destructor>
        </implementation>
    </binding>
</bindings>
