<?xml version="1.0" encoding="UTF-8"?>
<bindings
  xmlns="http://www.mozilla.org/xbl"
  xmlns:xul="http://www.mozilla.org/keymaster/gatekeeper/there.is.only.xul"
  xmlns:xbl="http://www.mozilla.org/xbl">
    <binding id="toptabs">
        <implementation>
            <field name="NavigatorToolbox">window.gNavToolbox || window.document.querySelector("#navigator-toolbox");</field>
            <field name="NavBar">document.querySelector("#nav-bar");</field>
            <field name="MenubarItems">document.querySelector("#menubar-items");</field>
            <field name="tabdropindicatorbar">document.getAnonymousElementByAttribute(document.querySelector("#content"), "class", "tab-drop-indicator-bar");</field>
            <field name="sidebarbox">document.querySelector("#sidebar-box");</field>
            <constructor><![CDATA[
                this.toptabssize();
                setTimeout(() => {
                    this.toptabssize();
                }, 0);
                this.sidebarbox.topbottomsidebar();
            ]]></constructor>
            <method name="toptabssize">
                <body><![CDATA[
                    var marginnavbar = this.boxObject.height;
                    var marginFull = this.NavigatorToolbox.boxObject.y;
                    this.NavBar.setAttribute("style", "margin-top: " + marginnavbar + "px !important;");
                    this.setAttribute("style", "top: " + marginFull + "px;");
                    this.tabdropindicatorbar.setAttribute("style", "top: " + marginFull + "px;");
                    this.MenubarItems.setAttribute("style", "top: 0px;");
                ]]></body>
            </method>
        </implementation>
    </binding>
    <binding id="toptabsnor">
        <implementation>
            <field name="NavigatorToolbox">window.gNavToolbox || window.document.querySelector("#navigator-toolbox");</field>
            <field name="NavBar">document.querySelector("#nav-bar");</field>
            <field name="MenubarItems">document.querySelector("#menubar-items");</field>
            <field name="tabdropindicatorbar">document.getAnonymousElementByAttribute(document.querySelector("#content"), "class", "tab-drop-indicator-bar");</field>
            <field name="sidebarbox">document.querySelector("#sidebar-box");</field>
            <constructor><![CDATA[
                this.toptabssize();
                setTimeout(() => {
                    this.toptabssize();
                }, 0);
                this.sidebarbox.topbottomsidebar();
            ]]></constructor>
            <method name="toptabssize">
                <body><![CDATA[
                    var marginnavbar = this.boxObject.height;
                    var marginNor = this.NavigatorToolbox.boxObject.y;
                    this.NavBar.setAttribute("style", "margin-top: " + marginnavbar + "px !important;");
                    this.setAttribute("style", "top: " + marginNor + "px;");
                    this.tabdropindicatorbar.setAttribute("style", "top: " + marginNor + "px;");
                    this.MenubarItems.setAttribute("style", "top: 0px;");
                ]]></body>
            </method>
        </implementation>
    </binding>
    <binding id="toptabsmax">
        <implementation>
            <field name="NavigatorToolbox">window.gNavToolbox || window.document.querySelector("#navigator-toolbox");</field>
            <field name="NavBar">document.querySelector("#nav-bar");</field>
            <field name="MenubarItems">document.querySelector("#menubar-items");</field>
            <field name="tabdropindicatorbar">document.getAnonymousElementByAttribute(document.querySelector("#content"), "class", "tab-drop-indicator-bar");</field>
            <field name="sidebarbox">document.querySelector("#sidebar-box");</field>
            <constructor><![CDATA[
                this.toptabssize();
                setTimeout(() => {
                    this.toptabssize();
                }, 0);
                this.sidebarbox.topbottomsidebar();
            ]]></constructor>
            <method name="toptabssize">
                <body><![CDATA[
                    var marginnavbar = this.boxObject.height;
                    var marginMax = this.NavigatorToolbox.boxObject.y;
                    this.NavBar.setAttribute("style", "margin-top: " + marginnavbar + "px !important;");
                    this.setAttribute("style", "top: " + marginMax + "px;");
                    this.tabdropindicatorbar.setAttribute("style", "top: " + marginMax + "px;");
                    this.MenubarItems.setAttribute("style", "top: " + marginMax + "px;");
                ]]></body>
            </method>
        </implementation>
    </binding>
    <binding id="toptabsload">
        <implementation>
            <field name="toptabsloads">document.getAnonymousElementByAttribute(document.querySelector("#content"), "anonid", "strip");</field>
            <constructor><![CDATA[
                window.addEventListener("load", this, false);
            ]]></constructor>
            <destructor><![CDATA[
                window.gBrowser.tabContainer.removeEventListener("overflow", this, false);
                window.gBrowser.tabContainer.removeEventListener("underflow", this, false);
            ]]></destructor>
            <method name="handleEvent">
                <parameter name="event"/>
                <body><![CDATA[
                    this.toptabsloads.toptabssize();
                    if (event.type == "DOMContentLoaded") window.removeEventListener("DOMContentLoaded", this, false);
                    if (event.type != "load") return;
                    window.removeEventListener("load", this, false);
                    window.addEventListener("DOMContentLoaded", this, false);
                    window.gBrowser.tabContainer.addEventListener("overflow", this, false);
                    window.gBrowser.tabContainer.addEventListener("underflow", this, false);
                ]]></body>
            </method>
        </implementation>
    </binding>
    <binding id="sidebar">
        <implementation>
            <field name="panelcontainer">document.getAnonymousElementByAttribute(document.querySelector("#content"), "anonid", "panelcontainer");</field>
            <field name="statusbar">document.querySelector("#status-bar");</field>
            <field name="timer">null</field>
            <constructor><![CDATA[
                this.topbottomsidebar();
                window.addEventListener("resize", this, false);
            ]]></constructor> 
            <destructor><![CDATA[
                window.removeEventListener("resize", this, false);
            ]]></destructor>
            <method name="handleEvent">
                <parameter name="event"/>
                <body><![CDATA[
                    this.topbottomsidebar();
                ]]></body>
            </method>
            <method name="topbottomsidebar">
                <body><![CDATA[
                    clearTimeout(this.timer);
                    this.timer = setTimeout(() => {
                        this._topbottomsidebar();
                    }, 300);
                ]]></body>
            </method>
            <method name="_topbottomsidebar">
                <body><![CDATA[
                    var margintop = this.panelcontainer.boxObject.y; 
                    var bottomsidebar = this.statusbar.boxObject.height; 
                    this.setAttribute("style",  "top: " + margintop + "px !important; bottom: " + bottomsidebar + "px !important;");
                ]]></body>
            </method>
        </implementation>
        <handlers>
            <handler event="dragenter"><![CDATA[
                if (this.querySelector("browser.browser-sidebar[src='chrome://communicator/content/bookmarks/bm-panel.xul']:not([collapsed='true']):not([hidden='true'])") || this.querySelector("browser.browser-sidebar[src='chrome://communicator/content/search/search-panel.xul']:not([collapsed='true']):not([hidden='true'])") || this.querySelector("browser.browser-sidebar[src='chrome://messenger/content/addressbook/addressbook-panel.xul']:not([collapsed='true']):not([hidden='true'])")) {
                    var types = event.dataTransfer.types;
                    if (types.contains("text/x-moz-url") || types.contains("text/x-moz-text-internal")) this.setAttribute("sidebardrag", "true");
                }
            ]]></handler>
            <handler event="drop"><![CDATA[
                if (this.hasAttribute("sidebardrag")) this.removeAttribute("sidebardrag");
            ]]></handler>
            <handler event="dragexit"><![CDATA[
                var target = event.relatedTarget;
                var closes = null;
                if (target && target.closest) closes = target.closest("vbox#sidebar-box, page#bookmarksPanel, page#searchPanel, page#addressbook-panel");
                if (!closes && this.hasAttribute("sidebardrag")) this.removeAttribute("sidebardrag");
            ]]></handler>
        </handlers>
    </binding>
</bindings>
