<?xml version="1.0"?>
<!DOCTYPE page [
<!ENTITY % extensionsDTD SYSTEM "chrome://mozapps/locale/extensions/extensions.dtd">
%extensionsDTD;
]>

<bindings id="addonBindings"
          xmlns="http://www.mozilla.org/xbl"
          xmlns:xul="http://www.mozilla.org/keymaster/gatekeeper/there.is.only.xul"
          xmlns:xbl="http://www.mozilla.org/xbl">

  <binding id="addon-generic"
           extends="chrome://mozapps/content/extensions/extensions.xml#addon-generic">
    <content>
      <xul:hbox anonid="warning-container"
                class="warning">
        <xul:image class="warning-icon"/>
        <xul:label anonid="warning" flex="1"/>
        <xul:label anonid="warning-link" class="text-link"/>
        <xul:button anonid="warning-btn" class="button-link" hidden="true"/>
        <xul:spacer flex="5000"/> <!-- Necessary to allow the message to wrap -->
      </xul:hbox>
      <xul:hbox anonid="error-container"
                class="error">
        <xul:image class="error-icon"/>
        <xul:label anonid="error" flex="1"/>
        <xul:label anonid="error-link" class="text-link" hidden="true"/>
        <xul:spacer flex="5000"/> <!-- Necessary to allow the message to wrap -->
      </xul:hbox>
      <xul:hbox anonid="pending-container"
                class="pending">
        <xul:image class="pending-icon"/>
        <xul:label anonid="pending" flex="1"/>
        <xul:button anonid="restart-btn" class="button-link"
                    label="&addon.restartNow.label;"
                    oncommand="document.getBindingParent(this).restart();"/>
        <xul:button anonid="undo-btn" class="button-link"
                    label="&addon.undoAction.label;"
                    tooltipText="&addon.undoAction.tooltip;"
                    oncommand="document.getBindingParent(this).undo();"/>
        <xul:spacer flex="5000"/> <!-- Necessary to allow the message to wrap -->
      </xul:hbox>

      <xul:hbox class="content-container" align="center">
        <xul:vbox class="icon-container">
          <xul:image anonid="icon" class="icon"/>
        </xul:vbox>
        <xul:vbox class="content-inner-container" flex="1">
          <xul:hbox class="basicinfo-container">
              <xul:hbox class="name-container">
                <xul:label anonid="name" class="name" crop="end" flex="1"
                           tooltip="addonitem-tooltip" xbl:inherits="value=name"/>
                <xul:label anonid="version" class="version"/>    
                <xul:label class="disabled-postfix" value="&addon.disabled.postfix;"/>
                <xul:label class="update-postfix" value="&addon.update.postfix;"/>
                <xul:spacer flex="5000"/> <!-- Necessary to make the name crop -->
              </xul:hbox>
            <xul:label anonid="date-updated" class="date-updated"
                       unknown="&addon.unknownDate;"/>
          </xul:hbox>
          <xul:hbox class="experiment-container">
            <svg width="6" height="6" viewBox="0 0 6 6" version="1.1"
                 xmlns="http://www.w3.org/2000/svg"
                 class="experiment-bullet-container">
              <circle cx="3" cy="3" r="3" class="experiment-bullet"/>
            </svg>
            <xul:label anonid="experiment-state" class="experiment-state"/>
            <xul:label anonid="experiment-time" class="experiment-time"/>
          </xul:hbox>

          <xul:hbox class="advancedinfo-container" flex="1">
            <xul:vbox class="description-outer-container" flex="1">
              <xul:hbox class="description-container">
                <xul:label anonid="description" class="description" crop="end" flex="1"/>
                <xul:button anonid="details-btn" class="details button-link"
                            label="&addon.details.label;"
                            tooltiptext="&addon.details.tooltip;"
                            oncommand="document.getBindingParent(this).showInDetailView();"/>
                <xul:spacer flex="5000"/> <!-- Necessary to make the description crop -->
              </xul:hbox>
              <xul:vbox anonid="relnotes-container" class="relnotes-container">
                <xul:label class="relnotes-header" value="&addon.releaseNotes.label;"/>
                <xul:label anonid="relnotes-loading" value="&addon.loadingReleaseNotes.label;"/>
                <xul:label anonid="relnotes-error" hidden="true"
                           value="&addon.errorLoadingReleaseNotes.label;"/>
                <xul:vbox anonid="relnotes" class="relnotes"/>
              </xul:vbox>
              <xul:hbox class="relnotes-toggle-container">
                <xul:button anonid="relnotes-toggle-btn" class="relnotes-toggle"
                            hidden="true" label="&cmd.showReleaseNotes.label;"
                            tooltiptext="&cmd.showReleaseNotes.tooltip;"
                            showlabel="&cmd.showReleaseNotes.label;"
                            showtooltip="&cmd.showReleaseNotes.tooltip;"
                            hidelabel="&cmd.hideReleaseNotes.label;"
                            hidetooltip="&cmd.hideReleaseNotes.tooltip;"
                            oncommand="document.getBindingParent(this).toggleReleaseNotes();"/>
              </xul:hbox>
            </xul:vbox>
          </xul:hbox>
        </xul:vbox>
        <xul:vbox class="status-control-wrapper">
          <xul:hbox class="status-container">
            <xul:hbox anonid="checking-update" hidden="true">
              <xul:image class="spinner"/>
              <xul:label value="&addon.checkingForUpdates.label;"/>
            </xul:hbox>
            <xul:vbox anonid="update-available" class="update-available"
                      hidden="true">
              <xul:checkbox anonid="include-update" class="include-update"
                            label="&addon.includeUpdate.label;" checked="true"
                            oncommand="document.getBindingParent(this).onIncludeUpdateChanged();"/>
              <xul:hbox class="update-info-container">
                <xul:label class="update-available-notice"
                           value="&addon.updateAvailable.label;"/>
                <xul:button anonid="update-btn" class="addon-control update"
                            label="&addon.updateNow.label;"
                            tooltiptext="&addon.updateNow.tooltip;"
                            oncommand="document.getBindingParent(this).upgrade();"/>
              </xul:hbox>
            </xul:vbox>
            <xul:hbox anonid="install-status" class="install-status"
                      hidden="true"/>
          </xul:hbox>
          <xul:hbox anonid="control-container" class="control-container">
            <xul:button anonid="preferences-btn"
                        class="addon-control preferences"
                        label="&cmd.showPreferencesWin.label;"
                        tooltiptext="&cmd.showPreferencesWin.tooltip;"
                        oncommand="document.getBindingParent(this).showPreferences();"/>
            <xul:button anonid="enable-btn"  class="addon-control enable"
                        label="&cmd.enableAddon.label;"
                        oncommand="document.getBindingParent(this).userDisabled = false;"/>
            <xul:button anonid="disable-btn" class="addon-control disable"
                        label="&cmd.disableAddon.label;"
                        oncommand="document.getBindingParent(this).userDisabled = true;"/>
            <xul:button anonid="remove-btn" class="addon-control remove"
                        label="&cmd.uninstallAddon.label;"
                        oncommand="document.getBindingParent(this).uninstall();"/>
            <xul:menulist anonid="state-menulist"
                          class="addon-control state"
                          tooltiptext="&cmd.stateMenu.tooltip;">
              <xul:menupopup>
                <xul:menuitem anonid="ask-to-activate-menuitem"
                              class="addon-control"
                              label="&cmd.askToActivate.label;"
                              tooltiptext="&cmd.askToActivate.tooltip;"
                              oncommand="document.getBindingParent(this).userDisabled = AddonManager.STATE_ASK_TO_ACTIVATE;"/>
                <xul:menuitem anonid="always-activate-menuitem"
                              class="addon-control"
                              label="&cmd.alwaysActivate.label;"
                              tooltiptext="&cmd.alwaysActivate.tooltip;"
                              oncommand="document.getBindingParent(this).userDisabled = false;"/>
                <xul:menuitem anonid="never-activate-menuitem"
                              class="addon-control"
                              label="&cmd.neverActivate.label;"
                              tooltiptext="&cmd.neverActivate.tooltip;"
                              oncommand="document.getBindingParent(this).userDisabled = true;"/>
              </xul:menupopup>
            </xul:menulist>
          </xul:hbox>
        </xul:vbox>
      </xul:hbox>
    </content>

    <implementation>
      <field name="_version">
        document.getAnonymousElementByAttribute(this, "anonid", "version");    
      </field>

      <method name="_initWithAddon">
        <parameter name="aAddon"/>
        <body><![CDATA[
          this.mAddon = aAddon;

          this._installStatus.mAddon = this.mAddon;
          this._updateDates();
          this._updateState();

          this.setAttribute("name", aAddon.name);

          try {
              var iconURL = AddonManager.getPreferredIconURL(aAddon, 48, window);
          } catch(e) {
              var iconURL = this.mAddon.iconURL;
          }
          if (iconURL)
            this._icon.src = iconURL;
          else
            this._icon.src = "";

          if (shouldShowVersionNumber(this.mAddon))
            this._version.value = this.mAddon.version;
          else
            this._version.hidden = true;
            
          if (this.mAddon.description)
            this._description.value = this.mAddon.description;
          else
            this._description.hidden = true;

          if (!("applyBackgroundUpdates" in this.mAddon) ||
              (this.mAddon.applyBackgroundUpdates == AddonManager.AUTOUPDATE_DISABLE ||
               (this.mAddon.applyBackgroundUpdates == AddonManager.AUTOUPDATE_DEFAULT &&
                !AddonManager.autoUpdateDefault))) {
            AddonManager.getAllInstalls(aInstallsList => {
              // This can return after the binding has been destroyed,
              // so try to detect that and return early
              if (!("onNewInstall" in this))
                return;
              for (let install of aInstallsList) {
                if (install.existingAddon &&
                    install.existingAddon.id == this.mAddon.id &&
                    install.state == AddonManager.STATE_AVAILABLE) {
                  this.onNewInstall(install);
                  this.onIncludeUpdateChanged();
                }
              }
            });
          }
        ]]></body>
      </method>

      <method name="_updateUpgradeInfo">
        <body><![CDATA[
          // Only update the version string if we're displaying the upgrade info
          if (this.hasAttribute("upgrade") && shouldShowVersionNumber(this.mAddon))
            this._version.value = this.mManualUpdate.version;
        ]]></body>
      </method>

      <method name="onNewInstall">
        <parameter name="aInstall"/>
        <body><![CDATA[
          if (this.mAddon.applyBackgroundUpdates == AddonManager.AUTOUPDATE_ENABLE)
            return;
          if (this.mAddon.applyBackgroundUpdates == AddonManager.AUTOUPDATE_DEFAULT &&
              AddonManager.autoUpdateDefault)
            return;

          this.mManualUpdate = aInstall;
          this._showStatus("update-available");
          try {
              this._updateUpgradeInfo();
          } catch(e) {}
        ]]></body>
      </method>
    </implementation>
  </binding>
</bindings>
