<?xml version="1.0"?>

<bindings id="firefox-navigator-bindings"
          xmlns="http://www.mozilla.org/xbl"
          xmlns:xul="http://www.mozilla.org/keymaster/gatekeeper/there.is.only.xul"
          xmlns:xbl="http://www.mozilla.org/xbl">  
  <binding id="new-tab" 
   extends="chrome://navigator/content/tabbrowser.xml#tabbrowser-tabs">

    <content class="tabbrowser-tabs">
      <xul:stack flex="1" class="tabs-stack">
        <xul:vbox>
          <xul:spacer flex="1"/>
          <xul:hbox class="tabs-bottom" align="center"/>
        </xul:vbox>
        <xul:vbox>
          <xul:hbox>
            <xul:stack>
              <xul:spacer class="tabs-left"/>
            </xul:stack>
            <xul:arrowscrollbox anonid="arrowscrollbox"
                                class="tabbrowser-arrowscrollbox"
                                flex="1"
                                xbl:inherits="smoothscroll"
                                orient="horizontal"
                                style="min-width: 1px;">
              <children includes="tab"/>
              <xul:toolbarbutton class="tabs-newbutton tabs-newtab-button"
                                 anonid="tabstrip-newbutton"
                                 oncommand="BrowserOpenTab();"
                                 xbl:inherits="onclick=onnewtabclick,tooltiptext=tooltiptextnew"/>
              <xul:spacer class="tabs-right" flex="1"/>
            </xul:arrowscrollbox>
            <children/>
            <xul:stack>
              <xul:spacer class="tabs-right"/>
              <xul:hbox class="tabs-closebutton-box" align="stretch" pack="end">
                <xul:toolbarbutton class="tabs-newbutton" context=""
                                   id="new-tab-button"
                                   anonid="tabstrip-newbutton"
                                   oncommand="BrowserOpenTab();"
                                   xbl:inherits="onclick=onnewtabclick,tooltiptext=tooltiptextnew"/>
                <xul:toolbarbutton class="tabs-alltabs-button" context="toolbar-context-menu"
                                   anonid="alltabs-button"
                                   type="menu"
                                   xbl:inherits="tooltiptext=tooltiptextalltabs">
                  <xul:menupopup class="tabs-alltabs-popup"
                                 anonid="alltabs-popup"
                                 position="after_end"/>
                </xul:toolbarbutton>
                <xul:hbox align="center">
                  <xul:toolbarbutton class="tabs-closebutton close-button" context=""
                                     anonid="tabstrip-closebutton"
                                     xbl:inherits="disabled=disableclose,oncommand=onclosetab,tooltiptext=tooltiptextclose"/>
                </xul:hbox>
              </xul:hbox>
            </xul:stack>
          </xul:hbox>
          <xul:spacer class="tabs-bottom-spacer"/>
        </xul:vbox>
      </xul:stack>
    </content>
  </binding>
</bindings>
