<?xml version="1.0"?>
<!DOCTYPE bindings [
  <!ENTITY % messengerDTD SYSTEM "chrome://messenger/locale/messenger.dtd" >
  %messengerDTD;
  <!ENTITY % globalDTD SYSTEM "chrome://global/locale/global.dtd">
  %globalDTD;
]>

<bindings id="tabmail-Bindings"
          xmlns="http://www.mozilla.org/xbl"
          xmlns:xul="http://www.mozilla.org/keymaster/gatekeeper/there.is.only.xul"
          xmlns:xbl="http://www.mozilla.org/xbl">

  <binding id="tabmail-tabs"
           extends="chrome://messenger/content/tabmail.xml#tabmail-tabs">
    <content>
      <xul:stack flex="1" class="tabs-stack">
        <xul:vbox>
          <xul:spacer flex="1"/>
          <xul:hbox class="tabs-bottom" align="center"/>
        </xul:vbox>
        <xul:stack>
          <xul:spacer class="tabs-left tabs-right"/>
          <xul:hbox>
            <xul:arrowscrollbox anonid="arrowscrollbox"
                                class="tabbrowser-arrowscrollbox tabmail-arrowscrollbox"
                                flex="1"
                                xbl:inherits="smoothscroll"
                                orient="horizontal"
                                style="min-width: 1px;">
              <children includes="tab"/>
                   <xul:toolbarbutton class="new-button tabs-newbutton tabs-new-tab"
				                 anonid="tabstrip-newbutton"
                                 tooltiptext="&tabmailNewButton.tooltip;"/>
			    <xul:spacer class="tabs-right" flex="1"/>
            </xul:arrowscrollbox>
            <children/>
            <xul:hbox class="tabs-closebutton-box"
                      align="center"
                      pack="end"
                      anonid="tabstrip-closebutton">
			   <xul:toolbarbutton class="new-button tabs-newbutton"
			                      anonid="tabstrip-newbutton"
								  id="new-tabs-button"
                                 tooltiptext="&tabmailNewButton.tooltip;"/>
              <xul:toolbarbutton class="close-button tabs-closebutton"
                                 tooltiptext="&tabmailCloseButton.tooltip;"/>
            </xul:hbox>
            <xul:stack align="center" pack="end" class="tabs-alltabs-stack">
              <xul:hbox flex="1" class="tabs-alltabs-box" anonid="alltabs-box"/>
              <xul:hbox flex="1"
                        class="tabs-alltabs-box-animate"
                        anonid="alltabs-box-animate"/>
              <xul:toolbarbutton class="tabs-alltabs-button"
                                 type="menu"
                                 anonid="alltabs-button"
                                 tooltipstring="&tabmailAllTabs.tooltip;">
                <xul:menupopup class="tabs-alltabs-popup"
                               anonid="alltabs-popup"
                               position="after_end"/>
              </xul:toolbarbutton>
            </xul:stack>
          </xul:hbox>
        </xul:stack>
      </xul:stack>
    </content>
  </binding>
</bindings>
