<?xml version="1.0" encoding="UTF-8"?>
<bindings xmlns="http://www.mozilla.org/xbl">
    <binding id="extraMenuitems">
        <implementation>
            <constructor><![CDATA[
                var popup = this.linkedPopup = this.parentNode;
                var ns_xul = "http://www.mozilla.org/keymaster/gatekeeper/there.is.only.xul";
                var menuitem = popup.insertBefore(document.createElementNS(ns_xul, "menuitem"), this);
                menuitem.id = "placesContext_updateBookmarkURL";
                menuitem.setAttribute("label", "Обновить закладку");
                menuitem.setAttribute("oncommand", "this.cmd();");
                menuitem.cmd = function() {
                    var bguid = popup._view.selectedNode.bookmarkGuid;
                    var win = Services.wm.getMostRecentWindow("navigator:browser");
                    var {currentURI: uri, selectedBrowser: br, selectedTab: tab} = win.gBrowser;

                    PlacesUtils.bookmarks.update({guid: bguid, url: uri, title: tab.label}).then(() => {
                        var favicon = br.mIconURL;
                        if (!favicon) return;
                        PlacesUtils.favicons.getFaviconURLForPage(uri, (_uri) => {
                            if (_uri !== null || uri.host == _uri.host) return;
                            var fs = Ci.nsIFaviconService;
                            var faviconURI = Services.io.newURI(favicon);
                            var brprivate = win.PrivateBrowsingUtils.isBrowserPrivate(br) ? fs.FAVICON_LOAD_PRIVATE : fs.FAVICON_LOAD_NON_PRIVATE;
                            PlacesUtils.favicons.setAndFetchFaviconForPage(uri, faviconURI, false, brprivate, null, Services.scriptSecurityManager.getSystemPrincipal());
                        });
                    });
                };

                var menuitem2 = popup.insertBefore(document.createElementNS(ns_xul, "menuitem"), this);
                menuitem2.id = "placesContext_goParentFolder";
                menuitem2.setAttribute("label", "Папка закладки");
                function sel(view, bguid) {
                    view.place = view.place;
                    view.selectItems([bguid]);
                    vis(view);
                }
                function vis(tree) {
                    var pos = 0.5, tbo = tree.treeBoxObject || tree;
                    var ind = tbo.view.selection.currentIndex;
                    var first = tbo.getFirstVisibleRow();
                    var visibleRows = tbo.getBoundingClientRect().height / tbo.rowHeight;
                    var newFirst = ind - pos*visibleRows + 1;
                    tbo.scrollByLines(Math.round(newFirst - first));
                }
                menuitem2.setAttribute("oncommand", "this.cmd();");
                menuitem2.cmd = function() {
                    var view = popup._view;
                    var {bookmarkGuid: bguid, itemId: bid} = view.selectedNode;
                    if (view.id == "placeContent") {
                        var plView = document.querySelector("#placesList");
                        var parentId = PlacesUtils.bookmarks.getFolderIdForItem(bid);
                        var index = plView.view.rowCount;
                        var start = false;
                        var allbms = PlacesUtils.virtualAllBookmarksGuid;
                        var plViewns = plView.selectedNode;
                        if (plViewns.folderItemId == parentId || plViewns.itemId == parentId)
                            plView.selectItems([allbms]);
                        for (var i = 0; i < index; i++) {
                            var node = plView.view.nodeForTreeIndex(i);
                            if (node.bookmarkGuid == allbms)
                                start = true;
                            if (start && (node.folderItemId == parentId || node.itemId == parentId)) {
                                sel(plView, node.bookmarkGuid);
                                break;
                            }
                            if (start && plView.view.isContainer(i) && !plView.view.isContainerOpen(i)) {
                                plView.view.toggleOpenState(i);
                                index = plView.view.rowCount;
                            }
                        }
                        setTimeout(() => {view.selectItems([bguid]); vis(view);}, 150);
                    } else
                        sel(view, bguid);
                };
                var handler = this.popupshowihgHandler = function () {
                    var place = (popup._view.selectedNodes.length == 1) && popup._view.selectedNode;
                    menuitem.hidden = menuitem2.hidden = !(place && PlacesUtils.nodeIsBookmark(place));
                };
                handler();
                popup.addEventListener("popupshowing", handler);
            ]]></constructor>
            <destructor><![CDATA[
                this.linkedPopup.removeEventListener("popupshowing", this.popupshowihgHandler);
            ]]></destructor>
        </implementation>
    </binding>
</bindings>
