<?xml version="1.0" encoding="UTF-8"?>
<bindings xmlns="http://www.mozilla.org/xbl">
    <binding id="extraMenuitems">
        <implementation>
            <constructor>
                <![CDATA[
                    var before = document.getElementById("placesContext_editSeparator");
                    var popup = this.linkedPopup = this.parentNode.parentNode.parentNode;
                    var menuitem = popup.insertBefore(document.createElement("menuitem"), before);
                    menuitem.id = "placesContext_updateBookmarkURL";
                    menuitem.setAttribute("label", "Обновить ссылку");
                    menuitem.setAttribute("oncommand", "this.cmd();");
                    menuitem.cmd = function() {
                        var bguid = popup._view.selectedNode.bookmarkGuid;
                        var win = Services.wm.getMostRecentWindow("navigator:browser");
                        var {currentURI: uri, selectedBrowser: br, selectedTab: tab} = win.gBrowser;

                        PlacesUtils.bookmarks.update({guid: bguid, url: uri, title: tab.label});

                        var favicon = br.mIconURL, fs = Ci.nsIFaviconService;
                        var faviconURI = favicon ? win.makeURI(favicon) : PlacesUtils.favicons.defaultFavicon;
                        var private = win.PrivateBrowsingUtils.isBrowserPrivate(br);
                        PlacesUtils.favicons.setAndFetchFaviconForPage(uri, faviconURI, true,
                            private ? fs.FAVICON_LOAD_PRIVATE : fs.FAVICON_LOAD_NON_PRIVATE
                        );
                    };

                    var menuitem2 = popup.insertBefore(document.createElement("menuitem"), before);
                    menuitem2.id = "placesContext_goParentFolder";
                    menuitem2.setAttribute("label", "Папка закладки");
                    function sel(view, bguid) {
                        view.place = view.place;
                        view.selectItems([bguid]);
                        vis(view);
                    }
                    function vis(tree) {
                        var pos = 0.5, tbo = tree.treeBoxObject;
                        var ind = tbo.view.selection.currentIndex;
                        var first = tbo.getFirstVisibleRow();
                        var visibleRows = tbo.height/tbo.rowHeight;
                        var newFirst = ind - pos*visibleRows + 1;
                        tbo.scrollByLines(Math.round(newFirst - first));
                    }
                    menuitem2.setAttribute("oncommand", "this.cmd();");
                    menuitem2.cmd = function() {
                        var view = popup._view;
                        var {bookmarkGuid: bguid, itemId: bid} = view.selectedNode;
                        if (view.id == "placeContent") {
                            var plView = document.getElementById("placesList");
                            var parentId = PlacesUtils.bookmarks.getFolderIdForItem(bid);
                            var index = plView.view.rowCount;
                            for (var i = 0; i < index; i++) {
                                var node = plView.view.nodeForTreeIndex(i);
                                if (node.folderItemId == parentId || node.itemId == parentId) {
                                    sel(plView, node.bookmarkGuid);
                                    break;
                                }
                            }
                            setTimeout(() => {view.selectItems([bguid]); vis(view);}, 100);
                        } else
                            sel(view, bguid);
                    };
                    var handler = this.linkedPopupPopupshowihgHandler = function () {
                        var place = (popup._view.selectedNodes.length == 1) && popup._view.selectedNode;
                        menuitem.hidden = menuitem.disabled = !(place && PlacesUtils.nodeIsBookmark(place));
                        menuitem2.hidden = menuitem2.disabled = menuitem.hidden || !location.href.includes("a");
                    };
                    handler(); popup.addEventListener("popupshowing", handler);
                ]]>
            </constructor>
            <destructor>
                    this.linkedPopup.removeEventListener("popupshowing", this.linkedPopupPopupshowihgHandler);
            </destructor>
        </implementation>
    </binding>
</bindings>
