<?xml version="1.0" encoding="UTF-8"?>
<bindings
  xmlns="http://www.mozilla.org/xbl"
  xmlns:xul="http://www.mozilla.org/keymaster/gatekeeper/there.is.only.xul"
  xmlns:xbl="http://www.mozilla.org/xbl">
    <binding id="menu">
        <implementation>
            <field name="startload">document.querySelector("#browser-border-start");</field>
            <constructor><![CDATA[
                this.menusize();
                setTimeout(() => {
                    this.menusize();
                }, 0);
                this.startload.sidebarbox.topbottomsidebar();
            ]]></constructor>
            <method name="menusize">
                <body><![CDATA[
                    this.setAttribute("style", "");
                ]]></body>
            </method>
        </implementation>
    </binding>
    <binding id="menunor">
        <implementation>
            <field name="startload">document.querySelector("#browser-border-start");</field>
            <constructor><![CDATA[
                this.menusize();
                setTimeout(() => {
                    this.menusize();
                }, 0);
                this.startload.sidebarbox.topbottomsidebar();
            ]]></constructor>
            <method name="menusize">
                <body><![CDATA[
                    if (this.startload.appbutton !== null) {
                        var marginNor = this.startload.appbutton.getBoundingClientRect().top;
                        this.setAttribute("style", "top: " + marginNor + "px;");
                    } else this.setAttribute("style", "top: 0px;");
                ]]></body>
            </method>
        </implementation>
    </binding>
    <binding id="menumax">
        <implementation>
            <field name="startload">document.querySelector("#browser-border-start");</field>
            <constructor><![CDATA[
                this.menusize();
                setTimeout(() => {
                    this.menusize();
                }, 0);
                this.startload.sidebarbox.topbottomsidebar();
            ]]></constructor>
            <method name="menusize">
                <body><![CDATA[
                    if (this.startload.appbutton !== null) {
                        var marginNor = this.startload.appbutton.getBoundingClientRect().top;
                        this.setAttribute("style", "top: " + marginNor + "px;");
                    } else this.setAttribute("style", "top: 0px;");
                ]]></body>
            </method>
        </implementation>
    </binding>
    <binding id="startload">
        <implementation>
            <field name="menubaritems">document.querySelector("#menubar-items");</field>
            <field name="apptoolbarbutton">document.querySelector("#appmenu-toolbar-button");</field>
            <field name="sidebarbox">document.querySelector("#sidebar-box");</field>
            <field name="appbutton">document.querySelector("#appmenu-button-container") || document.querySelector("#appmenu-toolbar-button");</field>
            <field name="observer_lightweight_theme"><![CDATA[({
                _self: this,
                observe(aEngine, aTopic, aVerb) {
                    if (aTopic == "lightweight-theme-styling-update")
                        this._self.headerimage();
                }
            })]]></field>
            <field name="observer_browser_tabs"><![CDATA[({
                _self: this,
                observe(aEngine, aTopic, aVerb) {
                    if (aTopic == "nsPref:changed")
                        this._self.menubaritems.menusize();
                }
            })]]></field>
            <constructor><![CDATA[
                window.addEventListener("load", this, false);
                Services.obs.addObserver(this.observer_lightweight_theme, "lightweight-theme-styling-update", false);
                this.headerimage();
                if (!this.apptoolbarbutton) return;
                var prefs = Components.classes["@mozilla.org/preferences-service;1"].getService(Components.interfaces.nsIPrefBranch);
                prefs.addObserver("browser.tabs.onTop", this.observer_browser_tabs, false);
            ]]></constructor>
            <destructor><![CDATA[
                Services.obs.removeObserver(this.observer_lightweight_theme, "lightweight-theme-styling-update");
                if (!this.apptoolbarbutton) return;
                var prefs = Components.classes["@mozilla.org/preferences-service;1"].getService(Components.interfaces.nsIPrefBranch);
                prefs.removeObserver("browser.tabs.onTop", this.observer_browser_tabs);
            ]]></destructor>
            <method name="handleEvent">
                <parameter name="event"/>
                <body><![CDATA[
                    window.removeEventListener("load", this, false);
                    this.menubaritems.menusize();
                    this.headerimage();
                    setTimeout(() => {
                        this.menubaritems.menusize();
                        this.headerimage();
                    }, 0);
                ]]></body>
            </method>
            <method name="headerimage">
                <body><![CDATA[
                    var win = document.documentElement;
                    var image = window.getComputedStyle(win).getPropertyValue("background-image");
                    win.style.setProperty("--documentElement-header-image", image);
                ]]></body>
            </method>
        </implementation>
    </binding>
    <binding id="sidebar">
        <implementation>
            <field name="container">this.parentNode;</field>
            <field name="sidebar">document.querySelector("#sidebar");</field>
            <field name="timer">null;</field>
            <constructor><![CDATA[
                this.topbottomsidebar();
                window.addEventListener("resize", this, false);
                window.addEventListener("toolbarvisibilitychange", this, false);
            ]]></constructor> 
            <destructor><![CDATA[
                window.removeEventListener("resize", this, false);
                window.removeEventListener("toolbarvisibilitychange", this, false);
            ]]></destructor>
            <method name="handleEvent">
                <parameter name="event"/>
                <body><![CDATA[
                    this.topbottomsidebar();
                ]]></body>
            </method>
            <method name="topbottomsidebar">
                <body><![CDATA[
                    clearTimeout(this.timer);
                    this.timer = setTimeout(() => {
                        this._topbottomsidebar();
                    }, 300);
                ]]></body>
            </method>
            <method name="_topbottomsidebar">
                <body><![CDATA[
                    var container = this.container;
                    var margintop = container.getBoundingClientRect().top; 
                    var bottomsidebar = window.document.documentElement.getBoundingClientRect().bottom - container.getBoundingClientRect().bottom; 
                    this.setAttribute("style",  "top: " + margintop + "px !important; bottom: " + bottomsidebar + "px !important;");
                ]]></body>
            </method>
        </implementation>
        <handlers>
            <handler event="dragenter"><![CDATA[
                if (this.sidebar.getAttribute("src") == "chrome://browser/content/bookmarks/bookmarksPanel.xul") {
                    var types = event.dataTransfer.types;
                    if (types.contains("text/x-moz-url") || types.contains("text/x-moz-text-internal")) 
                        this.setAttribute("sidebardrag", "true");
                }
            ]]></handler>
            <handler event="drop"><![CDATA[
                if (this.hasAttribute("sidebardrag")) 
                    this.removeAttribute("sidebardrag");
            ]]></handler>
            <handler event="dragexit"><![CDATA[
                var target = event.relatedTarget;
                var closes = null;
                if (target != null && "closest" in target) 
                    closes = target.closest("vbox#sidebar-box, page#bookmarksPanel");
                if (!closes && this.hasAttribute("sidebardrag")) 
                    this.removeAttribute("sidebardrag");
            ]]></handler>
        </handlers>
    </binding>
</bindings>
