<?xml version="1.0" encoding="UTF-8"?>
<bindings
  xmlns="http://www.mozilla.org/xbl"
  xmlns:xul="http://www.mozilla.org/keymaster/gatekeeper/there.is.only.xul"
  xmlns:xbl="http://www.mozilla.org/xbl">
    <binding id="multirow">
        <implementation>
            <field name="_eventListeners">[];</field>
            <field name="initialized">false;</field>
            <field name="observerenable">false;</field>
            <field name="_observer"><![CDATA[({
                observe(aEngine, aTopic, aVerb) {
                    if (aTopic == "lightweight-theme-styling-update") {
                        gBrowser.tabContainer.setImagePinnedBox();
                    }
                }
            })]]></field>
            <field name="startload">document.querySelector("#browser-border-start");</field>
            <constructor><![CDATA[
                window.addEventListener("load", this, false);
                this.init();
            ]]></constructor> 
            <destructor><![CDATA[
                if (!this.initialized) return;
                this._eventListeners.forEach((args) => args[0].removeEventListener(args[1], args[2], args[3]));
                if (this.observerenable)
                    Services.obs.removeObserver(this._observer, "lightweight-theme-styling-update");
                this.observerenable = false;
                this.initialized = false;
            ]]></destructor>
            <method name="init">
                <body><![CDATA[
                    if (this.initialized || !window.gBrowser || !("tabContainer" in gBrowser)) return;
                    var tabContain = gBrowser.tabContainer;
                    tabContain.multirowTabs = false;
                    tabContain.multirowScrolled = false;
                    tabContain.multirowAutoScrolledTimer = null;
                    tabContain.multirowTimer = null;
                    tabContain.multirowTSelectTimer = null;
                    tabContain.multirowAScrollbox = tabContain.mTabstrip || tabContain.arrowScrollbox;
                    const lockTabSizing = tabContain._lockTabSizing;
                    const unlockTabSizing = tabContain._unlockTabSizing;
                    tabContain.enterMultirowMode = function enterMultirowMode(event) {
                        var scrollbox = this.multirowAScrollbox._scrollbox;
                        if (this.orient != "horizontal" || event.originalTarget != scrollbox) return;
                        if (event.detail == 0) {
                            if (scrollbox.scrollHeight > scrollbox.clientHeight) {
                                this.multirowScrolled = true;
                                clearTimeout(this.multirowTSelectTimer);
                                this.multirowTSelectTimer = setTimeout(() => {
                                    var tab = gBrowser.selectedTab;
                                    if (!this.isVisibleMultirowMode(tab))
                                        tab.scrollIntoView({behavior: "instant", block: "end"});
                                }, 250);
                            }
                            return;
                        }
                        if (this.getAttribute("overflow") != "true") return;
                        if (!this.multirowTabs) {
                            let Height = Math.ceil(this.multirowAScrollbox.getBoundingClientRect().height);
                            this.multirowAScrollbox._linesHeight = Height;
                            this.style.setProperty("--multirow-linesHeight-tabs", Height + "px");
                        }
                        this.setAttribute("multirowtabs", true);
                        var evt = document.createEvent("UIEvent");
                        evt.initUIEvent("underflow", true, false, window, 1);
                        this.multirowAScrollbox._scrollbox.dispatchEvent(evt);
                        this.multirowTabs = true;
                        this._unlockTabSizing();
                        this._lockTabSizing = function() {};
                        this._unlockTabSizing = function() {};
                    };
                    tabContain.exitMultirowMode = function exitMultirowMode() {
                        if (!this.multirowTabs)
                            return;
                        clearTimeout(this.multirowTimer);
                        this.multirowTimer = setTimeout(() => {
                            if (this.getAttribute("overflow") == "true" || Math.ceil(this.multirowAScrollbox.getBoundingClientRect().height) / this.multirowAScrollbox._linesHeight > 1.35)
                                return;
                            this.removeAttribute("multirowtabs");
                            this.multirowTabs = false;
                            this._lockTabSizing = lockTabSizing;
                            this._unlockTabSizing = unlockTabSizing;
                            this._positionPinnedTabs();
                        }, 250);
                    };
                    tabContain.isVisibleMultirowMode = function isVisibleMultirowMode(element) {
                        if (!element || element.collapsed || element.hidden)
                            return false;
                        var round = val => Math.ceil(val);
                        var start = "top", end = "bottom";
                        var rect = this.multirowAScrollbox._scrollbox.getBoundingClientRect();
                        var containerStart = round(rect[start]);
                        var containerEnd = round(rect[end]);
                        rect = element.getBoundingClientRect();
                        var elementStart = round(rect[start]);
                        var elementEnd = round(rect[end]);
                        if (elementStart < containerStart || containerEnd < elementEnd)
                            return false;
                        return true;
                    };
                    tabContain.getDragTabMultirowMode = function getDragTabMultirowMode(event, isLink) {
                        let tab = event.target.localName == "tab" ? event.target : null;
                        if (tab && isLink) {
                            let boxObject = tab.boxObject;
                            if (event.screenX < boxObject.screenX + boxObject.width * 0.25 || event.screenX > boxObject.screenX + boxObject.width * 0.75)
                                return null;
                        }
                        return tab;
                    };
                    tabContain.getDropIndMultirowMode = function getDropIndMultirowMode(event, isLink) {
                        var tabs = this.childNodes;
                        var tab = this.getDragTabMultirowMode(event, isLink);
                        if (window.getComputedStyle(this).direction == "ltr") {
                            for (let i = tab ? tab._tPos : 0; i < tabs.length; i++)
                                if (event.screenX < tabs[i].boxObject.screenX + tabs[i].boxObject.width / 2 && event.screenY < tabs[i].boxObject.screenY + tabs[i].boxObject.height || event.screenY < tabs[i].boxObject.screenY + tabs[i].boxObject.height * 0)
                                    return i;
                        } else {
                            for (let i = tab ? tab._tPos : 0; i < tabs.length; i++)
                                if (event.screenX > tabs[i].boxObject.screenX + tabs[i].boxObject.width / 2 && event.screenY > tabs[i].boxObject.screenY + tabs[i].boxObject.height || event.screenY > tabs[i].boxObject.screenY + tabs[i].boxObject.height * 0)
                                    return i;
                        }
                        return tabs.length;
                    };
                    tabContain._positionPinnedTabs = function _positionPinnedTabs() {
                        var numPinned = gBrowser._numPinnedTabs;
                        var doPosition = numPinned > 0;
                        if (doPosition) {
                            let tabwidth = this.childNodes[0].getBoundingClientRect().width;
                            let width = 0;
                            for (let i = 0; i < numPinned; i++) {
                                let tab = this.childNodes[i];
                                tab.style.marginInlineStart = width + "px";
                                width += tabwidth;
                            }
                            this.style.setProperty("--multirow-pinnedtabs-width", width + "px");
                        } else {
                            for (let i = 0; i < numPinned; i++) {
                                let tab = this.childNodes[i];
                                tab.style.marginInlineStart = "";
                            }
                            this.style.setProperty("--multirow-pinnedtabs-width", "");
                        }
                        if (this._lastNumPinned != numPinned) {
                            this._lastNumPinned = numPinned;
                            this._handleTabSelect(true);
                        }
                    };
                    tabContain.setAttribute("multirowpinnedtabs", true);
                    tabContain.setImagePinnedBox = function setImagePinnedBox() {
                        var win = document.documentElement;
                        var image = window.getComputedStyle(win).getPropertyValue("background-image");
                        win.style.setProperty("--documentElement-header-image", image);
                    };
                    this._addEventListener(tabContain, "overflow", function(event) {
                        this.enterMultirowMode(event);
                    }, false);
                    this._addEventListener(tabContain, "underflow", function(event) {
                        if (event.originalTarget != this.multirowAScrollbox._scrollbox) return;
                        this.exitMultirowMode();
                        if (event.detail == 0) {
                            var scrollbox = this.multirowAScrollbox._scrollbox;
                            if (scrollbox.scrollHeight <= scrollbox.clientHeight)
                                this.multirowScrolled = false;
                        }
                    }, false);
                    this._addEventListener(tabContain, "TabClose", function(event) {
                        this.exitMultirowMode();
                    }, false);
                    this._addEventListener(window, "resize", function(event) {
                        gBrowser.tabContainer.exitMultirowMode();
                    }, false);
                    this._addEventListener(tabContain, "wheel", function(event) {
                        if (!this.multirowScrolled)
                            return;
                        event.stopPropagation();
                        event.preventDefault();
                        var scrollAmount = event.deltaY > 0 ? this.multirowAScrollbox._linesHeight : -this.multirowAScrollbox._linesHeight;
                        this.multirowAScrollbox._scrollbox.scrollBy({left: 0, top: scrollAmount, behavior: "instant"});
                    }, true);
                    this._addEventListener(tabContain, "drop", function(event) {
                        if (!this.multirowTabs)
                            return;
                        event.stopPropagation();
                        event.preventDefault();
                        var dt = event.dataTransfer;
                        var dropEffect = dt.dropEffect;
                        var draggedTab;
                        if (dropEffect != "link") {
                            draggedTab = dt.mozGetDataAt(TAB_DROP_TYPE, 0);
                            if (!draggedTab)
                            return;
                        }
                        this._tabDropIndicator.collapsed = true;
                        if (draggedTab && dropEffect == "copy") {
                            let newIndex = this.getDropIndMultirowMode(event);
                            let newTab = gBrowser.duplicateTab(draggedTab);
                            gBrowser.moveTabTo(newTab, newIndex);
                            if (draggedTab.parentNode != this || event.shiftKey)
                                this.selectedItem = newTab;
                        } else if (draggedTab && draggedTab.parentNode == this) {
                            let dropIndex = this.getDropIndMultirowMode(event, false);   
                            if (dropIndex && dropIndex > draggedTab._tPos)
                                dropIndex--;
                            if (dropIndex !== false)
                                gBrowser.moveTabTo(draggedTab, dropIndex);
                        } else if (draggedTab) {
                            let newIndex = this.getDropIndMultirowMode(event);
                            let newTab = gBrowser.addTab("about:blank");
                            let newBrowser = gBrowser.getBrowserForTab(newTab);
                            newBrowser.stop();
                            newBrowser.docShell;
                            let numPinned = gBrowser._numPinnedTabs;
                            if (newIndex < numPinned || draggedTab.pinned && newIndex == numPinned)
                                gBrowser.pinTab(newTab);
                            gBrowser.moveTabTo(newTab, newIndex);
                            gBrowser.selectedTab = newTab;
                            gBrowser.swapBrowsersAndCloseOther(newTab, draggedTab);
                            gBrowser.updateCurrentBrowser(true);
                        } else {
                            let url;
                            try {
                                url = browserDragAndDrop.drop(event, { }, true);
                            } catch (ex) {}
                            if (!url)
                                return;
                            let bgLoad = Services.prefs.getBoolPref("browser.tabs.loadInBackground");
                            if (event.shiftKey)
                                bgLoad = !bgLoad;
                            let tab = this._getDragTargetTab(event);
                            if (!tab || dropEffect == "copy") {
                                let newIndex = this.getDropIndMultirowMode(event);
                                let newTab = gBrowser.loadOneTab(url, {inBackground: bgLoad, allowThirdPartyFixup: true});
                                gBrowser.moveTabTo(newTab, newIndex);
                            } else {
                                try {
                                    gBrowser.getBrowserForTab(tab).loadURIWithFlags(url, Ci.nsIWebNavigation.LOAD_FLAGS_ALLOW_THIRD_PARTY_FIXUP);
                                    if (!bgLoad)
                                        this.selectedItem = tab;
                                } catch(ex) { }
                            }
                        }
                        if (draggedTab) {
                            delete draggedTab._dragData;
                        }
                    }, true);
                    this._addEventListener(tabContain, "dragover", function(event) {
                        var ind = this._tabDropIndicator;
                        var indbox = this._tabDropIndicator.parentNode;
                        ind.style.position = "relative";
                        ind.style.zIndex = "100";
                        if (!this.multirowTabs) {
                            indbox.setAttribute("align", "end");
                            ind.style.marginBottom = "";
                            return;
                        }
                        var effects = this._setEffectAllowedForDataTransfer(event);
                        if (effects == "" || effects == "none") {
                            ind.collapsed = true;
                            return;
                        }
                        event.stopPropagation();
                        event.preventDefault();
                        var scrY = event.screenY; 
                        var tabStrip = this.multirowAScrollbox;
                        if (this.multirowScrolled) {
                            let boxscrY = tabStrip.boxObject.screenY;
                            let boxheight = tabStrip.boxObject.height;
                            let top = (boxscrY + 10);
                            let bottom = (boxscrY + boxheight - 10);
                            if (scrY > top && scrY < bottom) {
                                clearTimeout(this.multirowAutoScrolledTimer);
                                this.multirowAutoScrolledTimer = null;
                            } else if (!this.multirowAutoScrolledTimer) {
                                this.multirowAutoScrolledTimer = setTimeout(() => {
                                    if (scrY < top)
                                        this.multirowAScrollbox._scrollbox.scrollBy({left: 0, top: -this.multirowAScrollbox._linesHeight, behavior: "instant"});
                                    else if (scrY > bottom)
                                         this.multirowAScrollbox._scrollbox.scrollBy({left: 0, top: this.multirowAScrollbox._linesHeight, behavior: "instant"});
                                    this.multirowAutoScrolledTimer = null;
                                }, 800);
                            } 
                        }
                        if (effects == "link") {
                            let tab = this.getDragTabMultirowMode(event, true);
                            if (tab) {
                                if (!this._dragTime)
                                    this._dragTime = Date.now();
                                if (Date.now() >= this._dragTime + this._dragOverDelay)
                                    this.selectedItem = tab;
                                ind.collapsed = true;
                                return;
                            }
                        }
                        var newIndex = this.getDropIndMultirowMode(event, effects == "link");
                        var ltr = (window.getComputedStyle(this).direction == "ltr");
                        var rect = tabStrip.getBoundingClientRect();
                        var rectindbox = indbox.getBoundingClientRect();
                        var newMargin;
                        var topMargin;
                        if (newIndex == this.childNodes.length) {
                            let tabRect = this.childNodes[newIndex - 1].getBoundingClientRect();
                            if (ltr)
                                newMargin = tabRect.right - rect.left;
                            else
                                newMargin = rect.right - tabRect.left;
                            topMargin = tabRect.top + tabRect.height - rectindbox.top;
                        } else {
                            let tabRect = this.childNodes[newIndex].getBoundingClientRect();
                            if (ltr)
                                newMargin = tabRect.left - rect.left;
                            else
                                newMargin = rect.right - tabRect.right;
                            topMargin = tabRect.top + tabRect.height - rectindbox.top;   
                        }
                        newMargin += ind.clientWidth / 2;
                        if (!ltr)
                            newMargin *= -1;
                        indbox.setAttribute("align", "start");
                        ind.style.transform = "translate(" + Math.round(newMargin) + "px, " + Math.round(topMargin) + "px)";
                        ind.style.marginInlineStart = (-ind.clientWidth) + "px";
                        ind.style.marginBottom = "0px";
                        ind.collapsed = false;
                    }, true);
                    this._addEventListener(tabContain, "TabSelect", function(event) {
                        if (!this.multirowScrolled)
                            return;
                        var tab = event.target;
                        clearTimeout(this.multirowTSelectTimer);
                        this.multirowTSelectTimer = setTimeout(() => {
                            if (!this.isVisibleMultirowMode(tab))
                                tab.scrollIntoView({behavior: "instant", block: "end"});
                        }, 250);
                    }, false);
                    this._addEventListener(window, "sizemodechange", function(event) {
                        var tabs = gBrowser.tabContainer;
                        clearTimeout(tabs.multirowTSelectTimer);
                        tabs.multirowTSelectTimer = setTimeout(() => {
                            var tab = gBrowser.selectedTab;
                            if (tabs.multirowScrolled && !tabs.isVisibleMultirowMode(tab))
                                tab.scrollIntoView({behavior: "instant", block: "end"});
                        }, 1000);
                    }, false);
                    if (!this.startload || !("observer_lightweight_theme" in this.startload)) {
                        Services.obs.addObserver(this._observer, "lightweight-theme-styling-update", false);
                        this.observerenable = true;
                        tabContain.setImagePinnedBox();
                    }
                    this.initialized = true;
                ]]></body>
            </method>
            <method name="handleEvent">
                <parameter name="event"/>
                <body><![CDATA[
                    window.removeEventListener("load", this, false);
                    this.init();
                    var tabs = gBrowser.tabContainer;
                    window.addEventListener("MozAfterPaint", function After(event) {
                        window.removeEventListener("MozAfterPaint", After, false);
                        setTimeout(() => {
                            var tab = gBrowser.selectedTab;
                            if (tabs.multirowScrolled && !tabs.isVisibleMultirowMode(tab))
                                tab.scrollIntoView({behavior: "instant", block: "end"});
                        }, 1000);
                    }, false);
                    if (!this.observerenable) return;
                        tabs.setImagePinnedBox();
                    setTimeout(() => {
                        tabs.setImagePinnedBox();
                    }, 0);
                ]]></body>
            </method>
            <method name="_addEventListener">
                <body><![CDATA[
                    arguments[0].addEventListener(arguments[1], arguments[2], arguments[3]);
                    this._eventListeners.push(arguments);
                ]]></body>
            </method>
        </implementation>
    </binding>
</bindings>
