<?xml version="1.0" encoding="UTF-8"?>
<bindings
  xmlns="http://www.mozilla.org/xbl"
  xmlns:xul="http://www.mozilla.org/keymaster/gatekeeper/there.is.only.xul"
  xmlns:xbl="http://www.mozilla.org/xbl">
    <binding id="toolbars">
        <implementation>
            <field name="navtoolbox">window.gNavToolbox || document.querySelector("#navigator-toolbox");</field>
            <field name="verticalbox">null;</field>
            <field name="verticalbar">null;</field>
            <field name="browserNode">null;</field>
            <field name="sidebarbox">null;</field>
            <field name="topbar">null;</field>
            <field name="bottombar">null;</field>
            <field name="Prefs">null;</field>
            <field name="timer">null;</field>
            <field name="observerthemeenable">false;</field>
            <field name="panelcontainer">null;</field>
            <field name="showTimer">null;</field>
            <field name="hideTimer">null;</field>
            <field name="_visible">false;</field>
            <field name="isPopupOpen">false;</field>
            <field name="isMouseOver">false;</field>
            <field name="_observer"><![CDATA[({
                _self: this,
                observe(aEngine, aTopic, aVerb) {
                    if (aTopic == "fullscreen-nav-toolbox")
                        this._self.resize();
                    else if (aTopic == "lightweight-theme-styling-update")
                        this._self.setImagebar();
                }
            })]]></field>
            <constructor><![CDATA[
                if (this.hasAttribute("addToolbars")) return;
                this.setAttribute("addToolbars", true);
                if (!window.CustomizableUI) {
                    try {
                        Components.utils.import("resource:///modules/CustomizableUI.jsm");
                    } catch(e) {
                        return;
                    }   
                }
                
                var verticalbarstart = true; // true или false - размещение вертикальной панели, слева или справа
                var v_autohide = this.v_autohide = false; // true или false - автоматически скрывать или нет
                var v_fullscreen = this.v_fullscreen = true; // true или false - отображать панель в полноэкранном режиме или нет
                var topbarenable = this.topbarenable = true; // true или false - создать дополнительную панель или нет
                var bottombarenable = this.bottombarenable = true; // true или false - создать нижнюю панель или нет  
                
                this.showDelay = 300; // Задержка появления вертикальной панели (если v_autohide = true)
                this.hideDelay = 2000; // Задержка скрытия (если v_autohide = true)
                
                var v_collapsed = false, t_collapsed = false, b_collapsed = false;
                try {
                    let branch = Services.prefs.getDefaultBranch("extensions.add_additional_bars.");
                    let Prefs = Services.prefs.getBranch("extensions.add_additional_bars.");
                    try {
                        if (!branch.getBoolPref("vertical_collapsed") && Prefs.getBoolPref("vertical_collapsed"))
                            v_collapsed = true;
                    } catch (ex) {
                        branch.setBoolPref("vertical_collapsed", false);
                        if (Prefs.getBoolPref("vertical_collapsed"))
                            v_collapsed = true;
                    }
                    if (topbarenable) {
                        try {
                            if (!branch.getBoolPref("top_collapsed") && Prefs.getBoolPref("top_collapsed"))
                                t_collapsed = true;
                        } catch (ex) {
                            branch.setBoolPref("top_collapsed", false);
                            if (Prefs.getBoolPref("top_collapsed"))
                                t_collapsed = true;
                        }
                    }
                    if (bottombarenable) {
                        try {
                            if (!branch.getBoolPref("bottom_collapsed") && Prefs.getBoolPref("bottom_collapsed"))
                                b_collapsed = true;
                        } catch (ex) {
                            branch.setBoolPref("bottom_collapsed", false);
                            if (Prefs.getBoolPref("bottom_collapsed"))
                                b_collapsed = true;
                        }
                    }
                    this.Prefs = Prefs;
                } catch(e) {}
                var knsxul = "http://www.mozilla.org/keymaster/gatekeeper/there.is.only.xul";
                var navtoolbox = this.navtoolbox;
                
                var verticalbox = document.createElementNS(knsxul, "vbox");
                verticalbox.id = "add-additional-vertical-box";
                verticalbox.setAttribute("vertautohide", v_autohide);
                verticalbox.setAttribute("verticalbarstart", verticalbarstart);
                var verticalbar = document.createElementNS(knsxul, "toolbar");
                var browserborderstart = document.querySelector("#browser-border-start");
                var v_startend, v_startendnext;
                if (verticalbarstart) {
                    v_startend = browserborderstart;
                    v_startendnext = v_startend.nextSibling;
                } else {
                    v_startend = document.querySelector("#browser-border-end");
                    v_startendnext = v_startend;
                }
                var verticalbarid = "add-additional-vertical-bar";
                verticalbar.id = verticalbarid;
                verticalbar.className = "toolbar-primary chromeclass-toolbar customization-target";
                verticalbar.setAttribute("toolbarname", "Вертикальная панель");
                verticalbar.setAttribute("toolboxid", "navigator-toolbox");
                verticalbar.setAttribute("context", "toolbar-context-menu");
                verticalbar.setAttribute("mode", "icons");
                verticalbar.setAttribute("iconsize", "small");
                verticalbar.setAttribute("orient", "vertical");
                verticalbar.setAttribute("flex", "1");
                verticalbar.setAttribute("fullscreentoolbar", v_fullscreen);
                verticalbar.setAttribute("customizable", true);
                verticalbar.setAttribute("collapsed", v_collapsed);
                verticalbox.appendChild(verticalbar);
                var browserNode = this.browserNode = v_startend.parentNode;
                try {
                    if (this._getAreaType(verticalbarid)) {
                        CustomizableUI.registerArea(verticalbarid, {
                            type: CustomizableUI.TYPE_TOOLBAR,
                            defaultPlacements: ["add-view-bookmarks-sidebar-button", "add-view-history-sidebar-button", "add-additional-vertical-spring"],
                            defaultCollapsed: false
                        });
                    }
                    browserNode.insertBefore(verticalbox, v_startendnext);
                } catch(e) {}
                this.verticalbar = verticalbar;
                this.verticalbox = verticalbox;
                
                if (topbarenable) {
                    let topbar = document.createElementNS(knsxul, "toolbar");
                    let navbar = navtoolbox.querySelector("#nav-bar");
                    let topbarid = "add-additional-top-bar";
                    topbar.id = topbarid;
                    topbar.className = "toolbar-primary chromeclass-toolbar customization-target";
                    topbar.setAttribute("toolbarname", "Дополнительная панель");
                    topbar.setAttribute("context", "toolbar-context-menu");
                    topbar.setAttribute("mode", "icons");
                    topbar.setAttribute("iconsize", "small");
                    topbar.setAttribute("fullscreentoolbar", true);
                    topbar.setAttribute("customizable", true);
                    topbar.setAttribute("collapsed", t_collapsed);
                    try {
                        if (this._getAreaType(topbarid)) {
                            CustomizableUI.registerArea(topbarid, {
                                type: CustomizableUI.TYPE_TOOLBAR,
                                defaultPlacements: ["add-additional-top-spring", "add-restart-app"],
                                defaultCollapsed: false
                            });
                        }
                        navtoolbox.insertBefore(topbar, navbar.nextSibling);
                    } catch(e) {}
                    this.topbar = topbar;
                }

                if (bottombarenable) {
                    let bottombar = document.createElementNS(knsxul, "toolbar");
                    let bottombarid = "add-additional-bottom-bar";
                    bottombar.id = bottombarid;
                    bottombar.className = "toolbar-primary chromeclass-toolbar customization-target";
                    bottombar.setAttribute("toolbarname", "Нижняя панель");
                    bottombar.setAttribute("toolboxid", "navigator-toolbox");
                    bottombar.setAttribute("context", "toolbar-context-menu");
                    bottombar.setAttribute("mode", "icons");
                    bottombar.setAttribute("iconsize", "small");
                    bottombar.setAttribute("customizable", true);
                    bottombar.setAttribute("collapsed", b_collapsed);
                    let closebutton = document.createElementNS(knsxul, "toolbarbutton");
                    closebutton.id = "add-additional-bottom-closebutton";
                    closebutton.className = "close-icon closebutton";
                    closebutton.setAttribute("tooltiptext", "Скрыть панель");
                    closebutton.setAttribute("removable", false);
                    closebutton.setAttribute("oncommand", "var bar = this.parentNode; setToolbarVisibility(bar, bar.collapsed);");
                    bottombar.appendChild(closebutton);
                    try {
                        if (this._getAreaType(bottombarid)) {
                            CustomizableUI.registerArea(bottombarid, {
                                type: CustomizableUI.TYPE_TOOLBAR,
                                defaultPlacements: ["add-additional-bottom-closebutton", "add-additional-bottom-spring"],
                                defaultCollapsed: false
                            });
                        }
                        this.appendChild(bottombar);
                    } catch(e) {}
                    this.bottombar = bottombar;
                }
                window.addEventListener("toolbarvisibilitychange", this, false);
                navtoolbox.addEventListener("beforecustomization", this, false);
                if (v_autohide) {
                    window.addEventListener("load", this, false);
                    this.resize();
                    window.addEventListener("resize", this, false);
                    if (v_fullscreen) {
                        try {
                            Services.obs.addObserver(this._observer, "fullscreen-nav-toolbox", false);
                        } catch(e) {}
                    }
                    if (!("observer_lightweight_theme" in browserborderstart)) {
                        try {
                            Services.obs.addObserver(this._observer, "lightweight-theme-styling-update", false);
                            this.observerthemeenable = true;
                            this.setImagebar();
                        } catch(e) {}   
                    }
                } else
                    document.documentElement.setAttribute("documentElement-image-repeat", true);
                try {
                    let id = "add-additional-top-spring";
                    if (topbarenable && this._getWidget(id)) {
                        CustomizableUI.createWidget({
                            id: id,
                            type: "custom",
                            label: "Растягивающийся интервал",
                            onBuild: function(document) {
                                var toolbaritem = document.createElement("toolbaritem");
                                toolbaritem.id = id;
                                toolbaritem.className = "add-additional-springs";
                                toolbaritem.setAttribute("label", "Растягивающийся интервал");
                                toolbaritem.setAttribute("type", "custom");
                                toolbaritem.setAttribute("flex", "1");
                                return toolbaritem;
                            }
                        });
                    }
                } catch(e) {}
                try {
                    let id = "add-additional-vertical-spring";
                    if (this._getWidget(id)) {
                        CustomizableUI.createWidget({
                            id: id,
                            type: "custom",
                            label: "Растягивающийся интервал",
                            onBuild: function(document) {
                                var toolbaritem = document.createElement("toolbaritem");
                                toolbaritem.id = id;
                                toolbaritem.className = "add-additional-springs";
                                toolbaritem.setAttribute("label", "Растягивающийся интервал");
                                toolbaritem.setAttribute("type", "custom");
                                toolbaritem.setAttribute("flex", "1");
                                return toolbaritem;
                            }
                        });
                    }
                } catch(e) {}
                try {
                    let id = "add-additional-bottom-spring";
                    if (bottombarenable && this._getWidget(id)) {
                        CustomizableUI.createWidget({
                            id: id,
                            type: "custom",
                            label: "Растягивающийся интервал",
                            onBuild: function(document) {
                                var toolbaritem = document.createElement("toolbaritem");
                                toolbaritem.id = id;
                                toolbaritem.className = "add-additional-springs";
                                toolbaritem.setAttribute("label", "Растягивающийся интервал");
                                toolbaritem.setAttribute("type", "custom");
                                toolbaritem.setAttribute("flex", "1");
                                return toolbaritem;
                            }
                        });
                    }
                } catch(e) {}
                try {
                    let id = "add-restart-app";
                    if (this._getWidget(id)) {
                        CustomizableUI.createWidget({
                            id: id,
                            label: "Перезагрузка",
                            tooltiptext: "Перезапустить приложение",
                            onCommand: function(event) {
                                var Cc = Components.classes, Ci = Components.interfaces;
                                var canceled = Cc["@mozilla.org/supports-PRBool;1"].createInstance(Ci.nsISupportsPRBool);
                                var observerSvc = Cc["@mozilla.org/observer-service;1"].getService(Ci.nsIObserverService);
                                observerSvc.notifyObservers(canceled, "quit-application-requested", "restart");
                                if (canceled.data)
                                    return false;
                                const appStartup = Cc["@mozilla.org/toolkit/app-startup;1"].getService(Ci.nsIAppStartup);
                                appStartup.quit(Ci.nsIAppStartup.eAttemptQuit | Ci.nsIAppStartup.eRestart);
                            }
                        });
                    }
                } catch(e) {}
                try {
                    let id = "add-additional-vertical-toggle-button";
                    if (this._getWidget(id)) {
                        CustomizableUI.createWidget({
                            id: id,
                            label: "Переключить Верт. панель",
                            tooltiptext: "Скрыть / Показать Вертикальную панель",
                            onCommand: function(event) {
                                var doc = event.target.ownerDocument;
                                var win = doc.defaultView;
                                var bar = doc.querySelector("#add-additional-vertical-bar");
		                        win.setToolbarVisibility(bar, bar.collapsed);
                            }
                        });
                    }
                } catch(e) {}
                try {
                    let id = "add-additional-top-toggle-button";
                    if (topbarenable && this._getWidget(id)) {
                        CustomizableUI.createWidget({
                            id: id,
                            label: "Переключить Доп. панель",
                            tooltiptext: "Скрыть / Показать Дополнительную панель",
                            onCommand: function(event) {
                                var doc = event.target.ownerDocument;
                                var win = doc.defaultView;
                                var bar = doc.querySelector("#add-additional-top-bar");
		                        win.setToolbarVisibility(bar, bar.collapsed);
                            }
                        });
                    }
                } catch(e) {}
                try {
                    let id = "add-additional-bottom-toggle-button";
                    if (bottombarenable && this._getWidget(id)) {
                        CustomizableUI.createWidget({
                            id: id,
                            label: "Переключить Ниж. панель",
                            tooltiptext: "Скрыть / Показать Нижнюю панель",
                            onCommand: function(event) {
                                var doc = event.target.ownerDocument;
                                var win = doc.defaultView;
                                var bar = doc.querySelector("#add-additional-bottom-bar");
		                        win.setToolbarVisibility(bar, bar.collapsed);
                            }
                        });
                    }
                } catch(e) {}
                try {
                    let id = "add-view-history-sidebar-button";
                    if (this._getWidget(id)) {
                        CustomizableUI.createWidget({
                            id: id,
                            label: "История",
                            tooltiptext: "Показать / Скрыть Историю",
                            onCommand: function(event) {
                                var win = event.target.ownerDocument.defaultView;
                                win.SidebarUI.toggle("viewHistorySidebar");
                            }
                        });
                    }
                } catch(e) {}
                try {
                    let id = "add-view-bookmarks-sidebar-button";
                    if (this._getWidget(id)) {
                        CustomizableUI.createWidget({
                            id: id,
                            label: "Закладки",
                            tooltiptext: "Показать / Скрыть Закладки",
                            onCommand: function(event) {
                                var win = event.target.ownerDocument.defaultView;
                                win.SidebarUI.toggle("viewBookmarksSidebar");
                            }
                        });
                    }
                } catch(e) {}
                setTimeout(() => {
                    if ("getTogglableToolbars" in window) return;
                    var toolbarsid = bottombarenable ? "['add-additional-vertical-bar', 'add-additional-bottom-bar']" : "['add-additional-vertical-bar']";
                    var ViewToolbarsPopup = window.onViewToolbarsPopupShowing;
                    if (typeof ViewToolbarsPopup != "function") return;
                    var StringFn = ViewToolbarsPopup.toString();
                    var RegRep = /toolbarNodes\s*=\s*gNavToolbox\s*\.\s*childNodes/g;
                    if (!RegRep.test(StringFn)) return;
                    var argNames = StringFn.match(/^[\s\(]*function[^(]*\(([^)]*)\)/)[1].replace(/\s+/g, "");
                    var newFn = new Function(argNames, StringFn.replace(/^[^{]*{|}$/g, "")
                    .replace(RegRep, "toolbarNodes = Array.slice(gNavToolbox.childNodes); toolbarNodes = toolbarNodes.concat(" + toolbarsid + ".map(id => document.querySelector(':not(#navigator-toolbox) > #' + id)).filter(id => id !== null))"));
                    window.onViewToolbarsPopupShowing = newFn;
                }, 200);
            ]]></constructor>
            <destructor><![CDATA[
                window.removeEventListener("toolbarvisibilitychange", this, false);
                this.navtoolbox.removeEventListener("beforecustomization", this, false);
                if (this.v_autohide) {
                    window.removeEventListener("resize", this, false);
                    if (this.v_fullscreen) {
                        try {
                            Services.obs.removeObserver(this._observer, "fullscreen-nav-toolbox");
                        } catch(e) {}
                    }
                    if (this.observerthemeenable) {
                        try {
                            Services.obs.removeObserver(this._observer, "lightweight-theme-styling-update");
                        } catch(e) {}
                    }
                    var verticalbox = this.verticalbox;
                    verticalbox.removeEventListener("mouseenter", this, false);
                    verticalbox.removeEventListener("mouseleave", this, false);
                    verticalbox.removeEventListener("dragenter", this, false);
                }
                try {
                    let Prefs = this.Prefs;
                    Prefs.setBoolPref("vertical_collapsed", this.verticalbar.collapsed);
                    if (this.topbarenable)
                        Prefs.setBoolPref("top_collapsed", this.topbar.collapsed);
                    if (this.bottombarenable)
                        Prefs.setBoolPref("bottom_collapsed", this.bottombar.collapsed);
                } catch(e) {}
            ]]></destructor>
            <method name="handleEvent">
                <parameter name="event"/>
                <body><![CDATA[
                    this[event.type](event);
                ]]></body>
            </method>
            <method name="load">
                <body><![CDATA[
                    window.removeEventListener("load", this, false);
                    window.addEventListener("MozAfterPaint", this, false);
                    this.resize();
                    this.setImagebar();
                    var panelcontainer = this.panelcontainer = gBrowser.mPanelContainer || gBrowser.tabpanels;
                    var sidebarbox = this.sidebarbox = this.browserNode.querySelector("#sidebar-box");
                    if (!panelcontainer || !sidebarbox) return;
                    var verticalbox = this.verticalbox;
                    verticalbox.addEventListener("mouseenter", this, false);
                    verticalbox.addEventListener("mouseleave", this, false);
                    verticalbox.addEventListener("dragenter", this, false);
                ]]></body>
            </method>
            <method name="MozAfterPaint">
                <body><![CDATA[
                    window.removeEventListener("MozAfterPaint", this, false);
                    this.resize();
                    this.setImagebar();
                ]]></body>
            </method>
            <method name="resize">
                <body><![CDATA[
                    if (!this.timer)
                        this.verticalbar.style.height = this.browserNode.getBoundingClientRect().height + "px";
                    clearTimeout(this.timer);
                    this.timer = setTimeout(() => {
                        this.verticalbar.style.height = this.browserNode.getBoundingClientRect().height + "px";
                        this.timer = null;
                    }, 300);
                ]]></body>
            </method>
            <method name="toolbarvisibilitychange">
                <parameter name="event"/>
                <body><![CDATA[
                    if (event.target == this.verticalbar) {
                        try {
                            this.Prefs.setBoolPref("vertical_collapsed", this.verticalbar.collapsed);
                        } catch(e) {}    
                    } else if (event.target == this.topbar) {
                        try {
                            this.Prefs.setBoolPref("top_collapsed", this.topbar.collapsed);
                        } catch(e) {}    
                    } else if (event.target == this.bottombar) {
                        try {
                            this.Prefs.setBoolPref("bottom_collapsed", this.bottombar.collapsed);
                        } catch(e) {}    
                    }
                    if (this.v_autohide)
                        this.resize();
                ]]></body>
            </method>
            <method name="beforecustomization">
                <body><![CDATA[
                    var toolbar = this.verticalbar;
                    toolbar.removeAttribute("orient");
                    this.verticalbar = this.navtoolbox.appendChild(toolbar);
                    this.navtoolbox.addEventListener("aftercustomization", this, false);
                ]]></body>
            </method>
            <method name="aftercustomization">
                <body><![CDATA[
                    var toolbar = this.verticalbar;
                    toolbar.setAttribute("orient", "vertical");
                    this.verticalbar = this.verticalbox.appendChild(toolbar);
                    this.navtoolbox.removeEventListener("aftercustomization", this, false);
                    if (this.v_autohide)
                        this.resize();
                ]]></body>
            </method>
            <method name="setImagebar">
                <body><![CDATA[
                    if (!this.observerthemeenable) return;
                    var win = document.documentElement;
                    var image = window.getComputedStyle(win).getPropertyValue("background-image");
                    win.style.setProperty("--documentElement-header-image", image);
                ]]></body>
            </method>
            <method name="_getAreaType">
                <parameter name="id"/>
                <body><![CDATA[
                    if (!CustomizableUI.getAreaType(id))
                        return true;
                    return false;
                ]]></body>
            </method>
            <method name="_getWidget">
                <parameter name="id"/>
                <body><![CDATA[
                    var widget = CustomizableUI.getWidget(id);
                    if (!widget || widget.provider != CustomizableUI.PROVIDER_API)
                        return true;
                    return false;
                ]]></body>
            </method>
            <method name="mouseenter">
                <parameter name="event"/>
                <body><![CDATA[
                    if (!this._visible && event.currentTarget == this.verticalbox)
                        this.showToolbar();
                    else if (event.currentTarget == this.verticalbar)
                        this.isMouseOver = true;
                    else {
                        this.isMouseOver = false;
                        this.hideToolbar();
                    }
                ]]></body>
            </method>
            <method name="dragenter">
                <body><![CDATA[
                    if (!this._visible)
                        this.showToolbar();
                ]]></body>
            </method>
            <method name="mouseleave">
                <body><![CDATA[
                    clearTimeout(this.showTimer);
                ]]></body>
            </method>
            <method name="popupshown">
                <parameter name="event"/>
                <body><![CDATA[
                    if (event.target.localName != "tooltip" && event.target.localName != "window")
                        this.isPopupOpen = true;
                ]]></body>
            </method>
            <method name="popuphidden">
                <parameter name="event"/>
                <body><![CDATA[
                    if (event.target.localName != "tooltip" && event.target.localName != "window") {
                        this.isPopupOpen = false;
                        this.hideToolbar();
                    }
                ]]></body>
            </method>
            <method name="showToolbar">
                <body><![CDATA[
                    clearTimeout(this.showTimer);
                    this.showTimer = setTimeout(() => {
                        this.verticalbox.setAttribute("auto-hide-toolbar-visible", true);
                        this._visible = true;
                        this.panelcontainer.addEventListener("mouseenter", this, false);
                        this.sidebarbox.addEventListener("mouseenter", this, false);
                        var verticalbar = this.verticalbar;
                        verticalbar.addEventListener("mouseenter", this, false);
                        verticalbar.addEventListener("popupshown", this, false);
                        verticalbar.addEventListener("popuphidden", this, false);
                        var navtoolbox = this.navtoolbox;
                        navtoolbox.addEventListener("popupshown", this, false);
                        navtoolbox.addEventListener("popuphidden", this, false);
                    }, this.showDelay);
                ]]></body>
            </method>
            <method name="hideToolbar">
                <body><![CDATA[
                    clearTimeout(this.hideTimer);
                    this.hideTimer = setTimeout(() => {
                        if (this.isPopupOpen || this.isMouseOver) return;
                        this.panelcontainer.removeEventListener("mouseenter", this, false);
                        this.sidebarbox.removeEventListener("mouseenter", this, false);
                        var verticalbar = this.verticalbar;
                        verticalbar.removeEventListener("mouseenter", this, false);
                        verticalbar.removeEventListener("popupshown", this, false);
                        verticalbar.removeEventListener("popuphidden", this, false);
                        var navtoolbox = this.navtoolbox;
                        navtoolbox.removeEventListener("popupshown", this, false);
                        navtoolbox.removeEventListener("popuphidden", this, false);
                        this.verticalbox.removeAttribute("auto-hide-toolbar-visible");
                        this._visible = false;
                    }, this.hideDelay);
                ]]></body>
            </method>
        </implementation>
    </binding>
</bindings>
