<?xml version="1.0" encoding="UTF-8"?>
<bindings
  xmlns="http://www.mozilla.org/xbl"
  xmlns:xul="http://www.mozilla.org/keymaster/gatekeeper/there.is.only.xul"
  xmlns:xbl="http://www.mozilla.org/xbl">
    <binding id="menu">
        <implementation>
            <field name="sidebarbox">document.querySelector("#sidebar-box");</field>
            <constructor><![CDATA[
                this.menusize();   
                this.sidebarbox.topbottomsidebar();
            ]]></constructor>
            <method name="menusize">
                <body><![CDATA[
                    this.setAttribute("style", "");
                ]]></body>
            </method>
        </implementation>
    </binding>
    <binding id="menunor">
        <implementation>
            <field name="appbutton">document.querySelector("#appmenu-button-container") || document.querySelector("#appmenu-toolbar-button");</field>
            <field name="sidebarbox">document.querySelector("#sidebar-box");</field>
            <constructor><![CDATA[
                this.menusize();
                this.sidebarbox.topbottomsidebar();
            ]]></constructor>
            <method name="menusize">
                <body><![CDATA[
                    if (this.appbutton) {
                        var marginNor = this.appbutton.getBoundingClientRect().top;
                        this.setAttribute("style", "top: " + marginNor + "px;");
                    } else this.setAttribute("style", "top: 0px;");
                ]]></body>
            </method>
        </implementation>
    </binding>
    <binding id="menumax">
        <implementation>
            <field name="appbutton">document.querySelector("#appmenu-button-container") || document.querySelector("#appmenu-toolbar-button");</field>
            <field name="sidebarbox">document.querySelector("#sidebar-box");</field>
            <constructor><![CDATA[
                this.menusize();
                this.sidebarbox.topbottomsidebar();
            ]]></constructor>
            <method name="menusize">
                <body><![CDATA[
                    if (this.appbutton) {
                        var marginNor = this.appbutton.getBoundingClientRect().top;
                        this.setAttribute("style", "top: " + marginNor + "px;");
                    } else this.setAttribute("style", "top: 0px;");
                ]]></body>
            </method>
        </implementation>
    </binding>
    <binding id="menuload">
        <implementation implements="nsIObserver">
            <field name="menubaritems">document.querySelector("#menubar-items");</field>
            <field name="appbutton">document.querySelector("#appmenu-toolbar-button");</field>
            <constructor><![CDATA[
                window.addEventListener("load", this, false);
                if (!this.appbutton) return;
                var prefs = Components.classes["@mozilla.org/preferences-service;1"].getService(Components.interfaces.nsIPrefBranch);
                prefs.addObserver("browser.tabs.onTop", this, false);
            ]]></constructor>
            <destructor><![CDATA[
                if (!this.appbutton) return;
                var prefs = Components.classes["@mozilla.org/preferences-service;1"].getService(Components.interfaces.nsIPrefBranch);
                prefs.removeObserver("browser.tabs.onTop", this);
            ]]></destructor>
            <method name="handleEvent">
                <parameter name="event"/>
                <body><![CDATA[
                    this.menubaritems.menusize();
                    if (event.type != "load") return;
                    setTimeout(() => {
                        this.menubaritems.menusize();
                    }, 0);
                    window.removeEventListener("load", this, false);
                ]]></body>
            </method>
            <method name="observe">
                <parameter name="aSubject"/>
                <parameter name="aTopic"/>
                <parameter name="aData"/>
                <body><![CDATA[
                    if (aTopic == "nsPref:changed") {
                        this.menubaritems.menusize();
                    }
                ]]></body>
            </method>
        </implementation>
    </binding>
    <binding id="sidebar">
        <implementation>
            <field name="panelcontainer">document.getAnonymousElementByAttribute(document.querySelector("#content"), "anonid", "panelcontainer");</field>
            <field name="statusbar">document.querySelector("#browser-bottombox");</field>
            <field name="sidebar">document.querySelector("#sidebar");</field>
            <field name="timer">null</field>
            <constructor><![CDATA[
                this.topbottomsidebar();
                window.addEventListener("resize", this, false);
                window.addEventListener("toolbarvisibilitychange", this, false);
            ]]></constructor> 
            <destructor><![CDATA[
                window.removeEventListener("resize", this, false);
                window.removeEventListener("toolbarvisibilitychange", this, false);
            ]]></destructor>
            <method name="handleEvent">
                <parameter name="event"/>
                <body><![CDATA[
                    this.topbottomsidebar();
                ]]></body>
            </method>
            <method name="topbottomsidebar">
                <body><![CDATA[
                    clearTimeout(this.timer);
                    this.timer = setTimeout(() => {
                        this._topbottomsidebar();
                    }, 300);
                ]]></body>
            </method>
            <method name="_topbottomsidebar">
                <body><![CDATA[
                    var margintop = this.panelcontainer.getBoundingClientRect().top; 
                    var bottomsidebar = window.document.documentElement.getBoundingClientRect().bottom - this.statusbar.getBoundingClientRect().top;
                    this.setAttribute("style",  "top: " + margintop + "px !important; bottom: " + bottomsidebar + "px !important;");
                ]]></body>
            </method>
        </implementation>
        <handlers>
            <handler event="dragenter"><![CDATA[
                if (this.sidebar.getAttribute("src") == "chrome://browser/content/bookmarks/bookmarksPanel.xul") {
                    var types = event.dataTransfer.types;
                    if (types.contains("text/x-moz-url") || types.contains("text/x-moz-text-internal")) 
                        this.setAttribute("sidebardrag", "true");
                }
            ]]></handler>
            <handler event="drop"><![CDATA[
                if (this.hasAttribute("sidebardrag")) 
                    this.removeAttribute("sidebardrag");
            ]]></handler>
            <handler event="dragexit"><![CDATA[
                var target = event.relatedTarget;
                var closes = null;
                if (target != null && "closest" in target) 
                    closes = target.closest("vbox#sidebar-box, page#bookmarksPanel");
                if (!closes && this.hasAttribute("sidebardrag")) 
                    this.removeAttribute("sidebardrag");
            ]]></handler>
        </handlers>
    </binding>
</bindings>
