<?xml version="1.0" encoding="UTF-8"?>
<bindings xmlns="http://www.mozilla.org/xbl" xmlns:xul="http://www.mozilla.org/keymaster/gatekeeper/there.is.only.xul" xmlns:xbl="http://www.mozilla.org/xbl">
    <binding id="menu">
        <implementation>
            <constructor><![CDATA[
                this.menusize();     
            ]]></constructor>
            <method name="menusize">
                <body><![CDATA[
                    this.setAttribute("style", "");
                ]]></body>
            </method>
        </implementation>
    </binding>
    <binding id="menunor">
        <implementation>
            <field name="appbutton">document.querySelector("#appmenu-button-container") || document.querySelector("#appmenu-toolbar-button");</field>
            <constructor><![CDATA[
                this.menusize();
            ]]></constructor>
            <method name="menusize">
                <body><![CDATA[
                    if (this.appbutton) {
                        var marginNor = this.appbutton.boxObject.y;
                        this.setAttribute("style", "top: " + marginNor + "px;");
                    } else this.setAttribute("style", "top: 0px;");
                ]]></body>
            </method>
        </implementation>
    </binding>
    <binding id="menumax">
        <implementation>
            <field name="appbutton">document.querySelector("#appmenu-button-container") || document.querySelector("#appmenu-toolbar-button");</field>
            <constructor><![CDATA[
                this.menusize();
            ]]></constructor>
            <method name="menusize">
                <body><![CDATA[
                    if (this.appbutton) {
                        var marginNor = this.appbutton.boxObject.y;
                        this.setAttribute("style", "top: " + marginNor + "px;");
                    } else this.setAttribute("style", "top: 0px;");
                ]]></body>
            </method>
        </implementation>
    </binding>
    <binding id="menuload">
        <implementation implements="nsIObserver">
            <field name="menubaritems">document.querySelector("#menubar-items");</field>
            <field name="appbutton">document.querySelector("#appmenu-toolbar-button");</field>
            <constructor><![CDATA[
                window.addEventListener("load", this, false);
                if (!this.appbutton) return;
                var prefs = Components.classes["@mozilla.org/preferences-service;1"].getService(Components.interfaces.nsIPrefBranch);
                prefs.addObserver("browser.tabs.onTop", this, false);
            ]]></constructor>
            <destructor><![CDATA[
                if (!this.appbutton) return;
                var prefs = Components.classes["@mozilla.org/preferences-service;1"].getService(Components.interfaces.nsIPrefBranch);
                prefs.removeObserver("browser.tabs.onTop", this);
            ]]></destructor>
            <method name="handleEvent">
                <parameter name="event"/>
                <body><![CDATA[
                    this.menubaritems.menusize();
                    if (event.type == "DOMContentLoaded") window.removeEventListener("DOMContentLoaded", this, false);
                    if (event.type != "load") return;
                    window.removeEventListener("load", this, false);
                    window.addEventListener("DOMContentLoaded", this, false);
                ]]></body>
            </method>
            <method name="observe">
                <parameter name="aSubject"/>
                <parameter name="aTopic"/>
                <parameter name="aData"/>
                <body><![CDATA[
                    if (aTopic == "nsPref:changed") {
                        this.menubaritems.menusize();
                    }
                ]]></body>
            </method>
        </implementation>
    </binding>
</bindings>
