<?xml version="1.0" encoding="UTF-8"?>
<bindings
  xmlns="http://www.mozilla.org/xbl"
  xmlns:xul="http://www.mozilla.org/keymaster/gatekeeper/there.is.only.xul"
  xmlns:xbl="http://www.mozilla.org/xbl">
    <binding id="multirow">
        <implementation>
            <field name="_eventListeners">[];</field>
            <field name="initialized">false;</field>
            <constructor><![CDATA[
                window.addEventListener("load", this, false);
                this.init();
            ]]></constructor> 
            <destructor><![CDATA[
                if (!this.initialized) return;
                this._eventListeners.forEach((args) => args[0].removeEventListener(args[1], args[2], args[3]));
                this.initialized = false;
            ]]></destructor>
            <method name="init">
                <body><![CDATA[
                    if (this.initialized || !window.gBrowser || !("tabContainer" in gBrowser)) return;
                    gBrowser.tabContainer.multirowTabs = false;
                    gBrowser.tabContainer.multirowScrolled = false;
                    gBrowser.tabContainer.multirowTimer = null;
                    gBrowser.tabContainer.multirowTSelectTimer = null;
                    gBrowser.tabContainer.multirowAScrollbox = gBrowser.tabContainer.mTabstrip || gBrowser.tabContainer.arrowScrollbox;
                    const lockTabSizing = gBrowser.tabContainer._lockTabSizing;
                    const unlockTabSizing = gBrowser.tabContainer._unlockTabSizing;
                    gBrowser.tabContainer.enterMultirowMode = function enterMultirowMode(event) {
                        var scrollbox = this.multirowAScrollbox._scrollbox;
                        if (this.orient != "horizontal" || event.originalTarget != scrollbox) return;
                        if (event.detail == 0) {
                            if (scrollbox.scrollHeight > scrollbox.clientHeight) {
                                this.multirowScrolled = true;
                                clearTimeout(this.multirowTSelectTimer);
                                this.multirowTSelectTimer = setTimeout(() => {
                                    var tab = gBrowser.selectedTab;
                                    if (!this.isVisibleMultirowMode(tab))
                                        tab.scrollIntoView({behavior: "instant", block: "end"});
                                }, 100);
                            }
                            return;
                        }
                        if (this.getAttribute("overflow") != "true") return;
                        if (!this.multirowTabs) {
                            let Height = Math.ceil(this.multirowAScrollbox.getBoundingClientRect().height);
                            this.multirowAScrollbox._linesHeight = Height;
                            this.style.setProperty("--multirow-linesHeight-tabs", Height + "px");
                        }
                        this.setAttribute("multirowtabs", true);
                        this.multirowTabs = true;
                        var evt = document.createEvent("UIEvent");
                        evt.initUIEvent("underflow", true, false, window, 1);
                        this.multirowAScrollbox._scrollbox.dispatchEvent(evt);
                        this._unlockTabSizing();
                        this._lockTabSizing = function() {};
                        this._unlockTabSizing = function() {};
                    };
                    gBrowser.tabContainer.exitMultirowMode = function exitMultirowMode() {
                        if (!this.multirowTabs)
                            return;
                        clearTimeout(this.multirowTimer);
                        this.multirowTimer = setTimeout(() => {
                            if (this.getAttribute("overflow") == "true" || Math.ceil(this.multirowAScrollbox.getBoundingClientRect().height) / this.multirowAScrollbox._linesHeight > 1.35)
                                return;
                            this.removeAttribute("multirowtabs");
                            this.multirowTabs = false;
                            this._lockTabSizing = lockTabSizing;
                            this._unlockTabSizing = unlockTabSizing;
                        }, 250);
                    };
                    gBrowser.tabContainer.isVisibleMultirowMode = function isVisibleMultirowMode(element) {
                        if (!element || element.collapsed || element.hidden)
                            return false;
                        var round = val => Math.ceil(val);
                        var start = "top", end = "bottom";
                        var rect = this.multirowAScrollbox._scrollbox.getBoundingClientRect();
                        var containerStart = round(rect[start]);
                        var containerEnd = round(rect[end]);
                        rect = element.getBoundingClientRect();
                        var elementStart = round(rect[start]);
                        var elementEnd = round(rect[end]);
                        if (elementStart < containerStart || containerEnd < elementEnd)
                            return false;
                        return true;
                    };
                    this._addEventListener(gBrowser.tabContainer, "overflow", function(event) {
                        this.enterMultirowMode(event);
                    }, false);
                    this._addEventListener(gBrowser.tabContainer, "underflow", function(event) {
                        if (event.originalTarget != this.multirowAScrollbox._scrollbox) return;
                        this.exitMultirowMode();
                        if (event.detail == 0) {
                            var scrollbox = this.multirowAScrollbox._scrollbox;
                            if (scrollbox.scrollHeight <= scrollbox.clientHeight)
                                this.multirowScrolled = false;
                        }
                    }, false);
                    this._addEventListener(gBrowser.tabContainer, "TabClose", function(event) {
                        this.exitMultirowMode();
                    }, false);
                    this._addEventListener(window, "resize", function(event) {
                        gBrowser.tabContainer.exitMultirowMode();
                    }, false);
                    this._addEventListener(gBrowser.tabContainer, "wheel", function(event) {
                        if (!this.multirowScrolled)
                            return;
                        event.stopPropagation();
                        event.preventDefault();
                        var scrollAmount = event.deltaY > 0 ? this.multirowAScrollbox._linesHeight : -this.multirowAScrollbox._linesHeight;
                        this.multirowAScrollbox._scrollbox.scrollBy({left: 0, top: scrollAmount, behavior: "instant"});
                    }, true);
                    this._addEventListener(gBrowser.tabContainer, "dragstart", function(event) {
                        if (!this.multirowTabs)
                            return;
                        event.stopPropagation();
                        event.preventDefault();
                    }, true);
                    this._addEventListener(gBrowser.tabContainer, "TabSelect", function(event) {
                        if (!this.multirowScrolled)
                            return;
                        var tab = event.target;
                        clearTimeout(this.multirowTSelectTimer);
                        this.multirowTSelectTimer = setTimeout(() => {
                            if (!this.isVisibleMultirowMode(tab))
                                tab.scrollIntoView({behavior: "instant", block: "end"});
                        }, 100);
                    }, false);
                    this._addEventListener(window, "sizemodechange", function(event) {
                        var tabs = gBrowser.tabContainer;
                        clearTimeout(tabs.multirowTSelectTimer);
                        tabs.multirowTSelectTimer = setTimeout(() => {
                            var tab = gBrowser.selectedTab;
                            if (tabs.multirowScrolled && !tabs.isVisibleMultirowMode(tab))
                                tab.scrollIntoView({behavior: "instant", block: "end"});
                        }, 1000);
                    }, false);
                    this.initialized = true;
                ]]></body>
            </method>
            <method name="handleEvent">
                <parameter name="event"/>
                <body><![CDATA[
                    window.removeEventListener("load", this, false);
                    this.init();
                    window.addEventListener("MozAfterPaint", function After(event) {
                        window.removeEventListener("MozAfterPaint", After, false);
                        setTimeout(() => {
                            var tabs = gBrowser.tabContainer;
                            var tab = gBrowser.selectedTab;
                            if (tabs.multirowScrolled && !tabs.isVisibleMultirowMode(tab))
                                tab.scrollIntoView({behavior: "instant", block: "end"});
                        }, 1000);
                    }, false);
                ]]></body>
            </method>
            <method name="_addEventListener">
                <body><![CDATA[
                    arguments[0].addEventListener(arguments[1], arguments[2], arguments[3]);
                    this._eventListeners.push(arguments);
                ]]></body>
            </method>
        </implementation>
    </binding>
</bindings>
