<?xml version="1.0"?>
<bindings
  xmlns="http://www.mozilla.org/xbl"
  xmlns:xul="http://www.mozilla.org/keymaster/gatekeeper/there.is.only.xul"
  xmlns:xbl="http://www.mozilla.org/xbl">
    <binding id="sidebar">
        <implementation>
            <field name="panelcontainer">document.getAnonymousElementByAttribute(document.querySelector("#content"), "anonid", "panelcontainer");</field>
            <field name="statusbar">document.querySelector("#browser-bottombox");</field>
            <field name="sidebar">document.querySelector("#sidebar");</field>
            <field name="timer">null</field>
            <constructor><![CDATA[
                this.topbottomsidebar();
                window.addEventListener("resize", this, false);
                window.addEventListener("toolbarvisibilitychange", this, false);
            ]]></constructor> 
            <destructor><![CDATA[
                window.removeEventListener("resize", this, false);
                window.removeEventListener("toolbarvisibilitychange", this, false);
            ]]></destructor>
            <method name="handleEvent">
                <parameter name="event"/>
                <body><![CDATA[
                    this.topbottomsidebar();
                ]]></body>
            </method>
            <method name="topbottomsidebar">
                <body><![CDATA[
                    clearTimeout(this.timer);
                    this.timer = setTimeout(() => {
                        this._topbottomsidebar();
                    }, 300);
                ]]></body>
            </method>
            <method name="_topbottomsidebar">
                <body><![CDATA[
                    var margintop = this.panelcontainer.boxObject.y; 
                    var bottomsidebar = this.statusbar.boxObject.height; 
                    this.setAttribute("style",  "top: " + margintop + "px !important; bottom: " + bottomsidebar + "px !important;");
                ]]></body>
            </method>
        </implementation>
        <handlers>
            <handler event="dragenter"><![CDATA[
                if (this.sidebar.getAttribute("src") == "chrome://browser/content/bookmarks/bookmarksPanel.xul") {
                    var types = event.dataTransfer.types;
                    if (types.contains("text/x-moz-url") || types.contains("text/x-moz-text-internal")) this.setAttribute("sidebardrag", "true");
                }
            ]]></handler>
            <handler event="drop"><![CDATA[
                if (this.hasAttribute("sidebardrag")) this.removeAttribute("sidebardrag");
            ]]></handler>
            <handler event="dragexit"><![CDATA[
                var target = event.relatedTarget;
                var closes = null;
                if (target && target.closest) closes = target.closest("vbox#sidebar-box, page#bookmarksPanel");
                if (!closes && this.hasAttribute("sidebardrag")) this.removeAttribute("sidebardrag");
            ]]></handler>
        </handlers>
    </binding>
</bindings>
