<?xml version="1.0" encoding="UTF-8"?>
<bindings xmlns="http://www.mozilla.org/xbl" xmlns:xul="http://www.mozilla.org/keymaster/gatekeeper/there.is.only.xul" xmlns:xbl="http://www.mozilla.org/xbl">
    <binding id="toptabs">
        <implementation>
            <field name="NavigatorToolbox">window.gNavToolbox || document.querySelector("#navigator-toolbox");</field>
            <field name="NavBar">document.querySelector("#nav-bar");</field>
            <field name="MenubarItems">document.querySelector("#menubar-items");</field>
            <field name="tabdropindicatorbar">document.getAnonymousElementByAttribute(document.querySelector("#content"), "class", "tab-drop-indicator-bar");</field>
            <constructor><![CDATA[
                this.toptabssize();
                setTimeout(() => {
                    this.toptabssize();
                }, 0);
            ]]></constructor>
            <method name="toptabssize">
                <body><![CDATA[
                    var marginnavbar = this.boxObject.height;
                    var marginFull = this.NavigatorToolbox.boxObject.y;
                    this.NavBar.setAttribute("style", "margin-top: " + marginnavbar + "px !important;");
                    this.setAttribute("style", "top: " + marginFull + "px;");
                    this.tabdropindicatorbar.setAttribute("style", "top: " + marginFull + "px;");
                    this.MenubarItems.setAttribute("style", "top: 0px;");
                ]]></body>
            </method>
        </implementation>
    </binding>
    <binding id="toptabsnor">
        <implementation>
            <field name="NavigatorToolbox">window.gNavToolbox || document.querySelector("#navigator-toolbox");</field>
            <field name="NavBar">document.querySelector("#nav-bar");</field>
            <field name="MenubarItems">document.querySelector("#menubar-items");</field>
            <field name="tabdropindicatorbar">document.getAnonymousElementByAttribute(document.querySelector("#content"), "class", "tab-drop-indicator-bar");</field>
            <constructor><![CDATA[
                this.toptabssize();
                setTimeout(() => {
                    this.toptabssize();
                }, 0);
            ]]></constructor>
            <method name="toptabssize">
                <body><![CDATA[
                    var marginnavbar = this.boxObject.height;
                    var marginNor = this.NavigatorToolbox.boxObject.y;
                    this.NavBar.setAttribute("style", "margin-top: " + marginnavbar + "px !important;");
                    this.setAttribute("style", "top: " + marginNor + "px;");
                    this.tabdropindicatorbar.setAttribute("style", "top: " + marginNor + "px;");
                    this.MenubarItems.setAttribute("style", "top: 0px;");
                ]]></body>
            </method>
        </implementation>
    </binding>
    <binding id="toptabsmax">
        <implementation>
            <field name="NavigatorToolbox">window.gNavToolbox || document.querySelector("#navigator-toolbox");</field>
            <field name="NavBar">document.querySelector("#nav-bar");</field>
            <field name="MenubarItems">document.querySelector("#menubar-items");</field>
            <field name="tabdropindicatorbar">document.getAnonymousElementByAttribute(document.querySelector("#content"), "class", "tab-drop-indicator-bar");</field>
            <constructor><![CDATA[
                this.toptabssize();
                setTimeout(() => {
                    this.toptabssize();
                }, 0);
            ]]></constructor>
            <method name="toptabssize">
                <body><![CDATA[
                    var marginnavbar = this.boxObject.height;
                    var marginMax = this.NavigatorToolbox.boxObject.y;
                    this.NavBar.setAttribute("style", "margin-top: " + marginnavbar + "px !important;");
                    this.setAttribute("style", "top: " + marginMax + "px;");
                    this.tabdropindicatorbar.setAttribute("style", "top: " + marginMax + "px;");
                    this.MenubarItems.setAttribute("style", "top: " + marginMax + "px;");
                ]]></body>
            </method>
        </implementation>
    </binding>
    <binding id="toptabsload">
        <implementation>
            <field name="toptabsloads">document.getAnonymousElementByAttribute(document.querySelector("#content"), "anonid", "strip");</field>
            <constructor><![CDATA[
                window.addEventListener("load", this, false);
            ]]></constructor>
            <destructor><![CDATA[
                window.gBrowser.tabContainer.removeEventListener("overflow", this, false);
                window.gBrowser.tabContainer.removeEventListener("underflow", this, false);
            ]]></destructor>
            <method name="handleEvent">
                <parameter name="event"/>
                <body><![CDATA[
                    this.toptabsloads.toptabssize();
                    if (event.type == "DOMContentLoaded") window.removeEventListener("DOMContentLoaded", this, false);
                    if (event.type != "load") return;
                    window.removeEventListener("load", this, false);
                    window.addEventListener("DOMContentLoaded", this, false);
                    window.gBrowser.tabContainer.addEventListener("overflow", this, false);
                    window.gBrowser.tabContainer.addEventListener("underflow", this, false);
                ]]></body>
            </method>
        </implementation>
    </binding>
</bindings>
