<?xml version="1.0" encoding="UTF-8"?>
<bindings
  xmlns="http://www.mozilla.org/xbl"
  xmlns:xul="http://www.mozilla.org/keymaster/gatekeeper/there.is.only.xul"
  xmlns:xbl="http://www.mozilla.org/xbl">
    <binding id="menu">
        <implementation>
            <field name="startload">document.querySelector("#browser-border-start");</field>
            <constructor><![CDATA[
                this.menusize();
                setTimeout(() => {
                    this.menusize();
                }, 0);
                this.startload.sidebarbox.topbottomsidebar();
            ]]></constructor>
            <method name="menusize">
                <body><![CDATA[
                    this.style.top = "";
                ]]></body>
            </method>
        </implementation>
    </binding>
    <binding id="menunor">
        <implementation>
            <field name="startload">document.querySelector("#browser-border-start");</field>
            <constructor><![CDATA[
                this.menusize();
                setTimeout(() => {
                    this.menusize();
                }, 0);
                this.startload.sidebarbox.topbottomsidebar();
            ]]></constructor>
            <method name="menusize">
                <body><![CDATA[
                    var titlebar = this.startload.titlebarc;
                    if (titlebar !== null) {
                        let titlebarb = this.startload.titlebarb;
                        var marginNor = titlebar.getBoundingClientRect().top;
                        if (titlebarb !== null)
                            marginNor = +window.getComputedStyle(titlebarb).getPropertyValue("padding-top").match(/[0-9]+/g)[0] + marginNor;
                        this.style.top = marginNor + "px";
                    } else this.style.top = "0px";
                ]]></body>
            </method>
        </implementation>
    </binding>
    <binding id="menumax">
        <implementation>
            <field name="startload">document.querySelector("#browser-border-start");</field>
            <constructor><![CDATA[
                this.menusize();
                setTimeout(() => {
                    this.menusize();
                }, 0);
                this.startload.sidebarbox.topbottomsidebar();
            ]]></constructor>
            <method name="menusize">
                <body><![CDATA[
                    var titlebar = this.startload.titlebarc;
                    if (titlebar !== null) {
                        var marginNor = titlebar.getBoundingClientRect().top;
                        this.style.top = marginNor + "px";
                    } else this.style.top = "0px";
                ]]></body>
            </method>
        </implementation>
    </binding>
    <binding id="startload">
        <implementation>
            <field name="menubaritems">document.querySelector("#menubar-items");</field>
            <field name="titlebarcontent">document.querySelector("#main-window[chromemargin^='0,'][sizemode='normal'] > #titlebar > #titlebar-content");</field>
            <field name="sidebarbox">document.querySelector("#sidebar-box");</field>
            <field name="titlebarc">document.querySelector("#titlebar-content");</field>
            <field name="titlebarb">document.querySelector("#titlebar-buttonbox");</field>
            <field name="observer_lightweight_theme"><![CDATA[({
                _self: this,
                observe(aEngine, aTopic, aVerb) {
                    if (aTopic == "lightweight-theme-styling-update")
                        this._self.headerimage();
                }
            })]]></field>
            <constructor><![CDATA[
                window.addEventListener("load", this, false);
                Services.obs.addObserver(this.observer_lightweight_theme, "lightweight-theme-styling-update", false);
                this.headerimage();
            ]]></constructor>
            <destructor><![CDATA[
                Services.obs.removeObserver(this.observer_lightweight_theme, "lightweight-theme-styling-update");
            ]]></destructor>
            <method name="handleEvent">
                <parameter name="event"/>
                <body><![CDATA[
                    window.removeEventListener("load", this, false);
                    this.menubaritems.menusize();
                    this.headerimage();
                    setTimeout(() => {
                        this.menubaritems.menusize();
                        this.headerimage();
                    }, 0);
                    if (!this.titlebarcontent || !this.titlebarcontent.bordertopwidth) return;
                    this.titlebarcontent.bordertopwidth();
                ]]></body>
            </method>
            <method name="headerimage">
                <body><![CDATA[
                    var win = document.documentElement;
                    var image = window.getComputedStyle(win).getPropertyValue("background-image");
                    win.style.setProperty("--documentElement-header-image", image);
                ]]></body>
            </method>
        </implementation>
    </binding>
    <binding id="titlebar">
        <implementation>
            <method name="bordertopwidth">
                <body><![CDATA[

                ]]></body>
            </method>
        </implementation>
    </binding>
    <binding id="titlebarnor">
        <implementation>
            <constructor><![CDATA[
                this.bordertopwidth();
                setTimeout(() => {
                    this.bordertopwidth();
                }, 0);
            ]]></constructor>
            <method name="bordertopwidth">
                <body><![CDATA[
                    var win = document.documentElement;
                    var border = window.getComputedStyle(win).getPropertyValue("border-top-width");
                    win.style.setProperty("--border-top-width-root-element", border);
                ]]></body>
            </method>
        </implementation>
    </binding>
    <binding id="sidebar">
        <implementation>
            <field name="container">this.parentNode;</field>
            <field name="sidebar">document.querySelector("#sidebar");</field>
            <field name="timer">null;</field>
            <constructor><![CDATA[
                this.topbottomsidebar();
                window.addEventListener("resize", this, false);
                window.addEventListener("toolbarvisibilitychange", this, false);
            ]]></constructor> 
            <destructor><![CDATA[
                window.removeEventListener("resize", this, false);
                window.removeEventListener("toolbarvisibilitychange", this, false);
            ]]></destructor>
            <method name="handleEvent">
                <parameter name="event"/>
                <body><![CDATA[
                    this.topbottomsidebar();
                ]]></body>
            </method>
            <method name="topbottomsidebar">
                <body><![CDATA[
                    clearTimeout(this.timer);
                    this.timer = setTimeout(() => {
                        this._topbottomsidebar();
                    }, 300);
                ]]></body>
            </method>
            <method name="_topbottomsidebar">
                <body><![CDATA[
                    var container = this.container;
                    var margintop = container.getBoundingClientRect().top; 
                    var bottomsidebar = window.document.documentElement.getBoundingClientRect().bottom - container.getBoundingClientRect().bottom; 
                    this.setAttribute("style",  "top: " + margintop + "px !important; bottom: " + bottomsidebar + "px !important;");
                ]]></body>
            </method>
        </implementation>
        <handlers>
            <handler event="dragenter"><![CDATA[
                if (this.sidebar.getAttribute("src") == "chrome://browser/content/bookmarks/bookmarksPanel.xul") {
                    var types = event.dataTransfer.types;
                    if (types.contains("text/x-moz-url") || types.contains("text/x-moz-text-internal")) 
                        this.setAttribute("sidebardrag", "true");
                }
            ]]></handler>
            <handler event="drop"><![CDATA[
                if (this.hasAttribute("sidebardrag")) 
                    this.removeAttribute("sidebardrag");
            ]]></handler>
            <handler event="dragexit"><![CDATA[
                var target = event.relatedTarget;
                var closes = null;
                if (target != null && "closest" in target) 
                    closes = target.closest("vbox#sidebar-box, page#bookmarksPanel");
                if (!closes && this.hasAttribute("sidebardrag")) 
                    this.removeAttribute("sidebardrag");
            ]]></handler>
        </handlers>
    </binding>
</bindings>
