<?xml version="1.0" encoding="UTF-8"?>
<bindings
  xmlns="http://www.mozilla.org/xbl"
  xmlns:xul="http://www.mozilla.org/keymaster/gatekeeper/there.is.only.xul"
  xmlns:xbl="http://www.mozilla.org/xbl">
    <binding id="overlay">
        <implementation>
            <constructor><![CDATA[
                if (this.hasAttribute("addOverlays")) return;
                this.setAttribute("addOverlays", "true");
                try {
                    let path = Components.stack.filename;
                    document.loadOverlay(path.substring(0, path.lastIndexOf("/") + 1) + "overlay.xul", null);
                } catch(e) {}   
                if (!window.CustomizableUI) return;
                try {
                    let id = "add-additional-bottom-spring";
                    if (this._getWidget(id)) {
                        CustomizableUI.createWidget({
                            id: id,
                            type: "custom",
                            label: "Растягивающийся интервал",
                            onBuild: function(document) {
                                var toolbaritem = document.createElement("toolbaritem");
                                toolbaritem.id = id;
                                toolbaritem.setAttribute("label", "Растягивающийся интервал");
                                toolbaritem.setAttribute("type", "custom");
                                toolbaritem.setAttribute("flex", "1");
                                return toolbaritem;
                            }
                        });
                    }
                } catch(e) {}
                try {
                    let id = "add-restart-app";
                    if (this._getWidget(id)) {
                        CustomizableUI.createWidget({
                            id: id,
                            label: "Перезагрузка",
                            tooltiptext: "Перезапустить приложение",
                            onCommand: function(event) {
                                var Cc = Components.classes, Ci = Components.interfaces;
                                var canceled = Cc["@mozilla.org/supports-PRBool;1"].createInstance(Ci.nsISupportsPRBool);
                                var observerSvc = Cc["@mozilla.org/observer-service;1"].getService(Ci.nsIObserverService);
                                observerSvc.notifyObservers(canceled, "quit-application-requested", "restart");
                                if (canceled.data)
                                    return false;
                                const appStartup = Cc["@mozilla.org/toolkit/app-startup;1"].getService(Ci.nsIAppStartup);
                                appStartup.quit(Ci.nsIAppStartup.eAttemptQuit | Ci.nsIAppStartup.eRestart);
                            }
                        });
                    }
                } catch(e) {}
                try {
                    let id = "add-additional-bottom-toggle-button";
                    if (this._getWidget(id)) {
                        CustomizableUI.createWidget({
                            id: id,
                            label: "Переключить панель",
                            tooltiptext: "Скрыть / Показать Нижнюю панель",
                            onCommand: function(event) {
                                var win = event.target.ownerDocument.defaultView;
                                var bar = win.document.getElementById("add-additional-bottom-bar");
		                        win.setToolbarVisibility(bar, bar.collapsed);
                            }
                        });
                    }
                } catch(e) {}
            ]]></constructor>
            <method name="_getWidget">
                <parameter name="id"/>
                <body><![CDATA[
                    var widget = CustomizableUI.getWidget(id);
                    if (!widget || widget.provider != CustomizableUI.PROVIDER_API)
                        return true;
                    else
                        return false;
                ]]></body>
            </method>
        </implementation>
    </binding>
</bindings>
