<?xml version="1.0" encoding="UTF-8"?>
<bindings
  xmlns="http://www.mozilla.org/xbl"
  xmlns:xul="http://www.mozilla.org/keymaster/gatekeeper/there.is.only.xul"
  xmlns:xbl="http://www.mozilla.org/xbl">
    <binding id="specialwidget">
        <implementation>
            <field name="_separator">null;</field>
            <field name="_spacer">null;</field>
            <field name="_spring">null;</field>
            <field name="_timer">null;</field>
            <field name="Customizable">null;</field>
            <constructor><![CDATA[
                if (!("CustomizableUI" in window) || !("gCustomizeMode" in window))
                    return;
                window.addEventListener("customizationready", this, false);
            ]]></constructor>
            <destructor><![CDATA[
                window.removeEventListener("customizationready", this, false);
            ]]></destructor>
            <property name="CUIInternal" readonly="true">
                <getter><![CDATA[
                    if (!this._CUIInternal) {
                        try {
                            this._CUIInternal = Components.utils.import("resource:///modules/CustomizableUI.jsm", {}).CustomizableUIInternal;
                        } catch (e) { 
                            this._CUIInternal = null;
                        }
                    }
                    return this._CUIInternal;
                ]]></getter>
            </property>
            <method name="handleEvent">
                <parameter name="event"/>
                <body><![CDATA[
                    if (event.type == "customizationchange") {
                        clearTimeout(this._timer);
                        this._timer = setTimeout(() => {
                            this.createSpecialWidgets();
                        }, 1000);
                    } else if (event.type == "customizationready") {
                        if ("createSpecialWidget" in CustomizableUI)
                            this.Customizable = CustomizableUI;
                        else
                            this.Customizable = this.CUIInternal;
                        if (this.Customizable !== null) {
                            this.createSpecialWidgets();
                            window.addEventListener("customizationchange", this, false);
                            window.addEventListener("customizationending", this, false);
                        }
                    } else if (event.type == "customizationending") {
                        window.removeEventListener("customizationchange", this, false);
                        window.removeEventListener("customizationending", this, false);
                    }
                ]]></body>
            </method>
            <method name="createSpecialWidgets">
                <body><![CDATA[
                    try {
                        let fragment = document.createDocumentFragment();
                        if (!this._spring || this.findSpecialWidgets(this._spring, "spring")) {
                            let spring = this.Customizable.createSpecialWidget("spring", document);
                            if (this._spring != null || (!this._spring && this.findSpecialWidgets(spring.id, "spring"))) {
                                spring.setAttribute("label", "Растягивающийся интервал");
                                fragment.appendChild(gCustomizeMode.wrapToolbarItem(spring, "palette"));
                            }
                            this._spring = spring.id;
                        }
                        if (!this._spacer || this.findSpecialWidgets(this._spacer, "spacer")) {
                            let spacer = this.Customizable.createSpecialWidget("spacer", document);
                            if (this._spacer != null || (!this._spacer && this.findSpecialWidgets(spacer.id, "spacer"))) {
                                spacer.setAttribute("label", "Интервал");
                                fragment.appendChild(gCustomizeMode.wrapToolbarItem(spacer, "palette"));
                            }
                            this._spacer = spacer.id;
                        }
                        if (!this._separator || this.findSpecialWidgets(this._separator, "separator")) {
                            let separator = this.Customizable.createSpecialWidget("separator", document);
                            if (this._separator != null || (!this._separator && this.findSpecialWidgets(separator.id, "separator"))) {
                                separator.setAttribute("label", "Разделитель");
                                fragment.appendChild(gCustomizeMode.wrapToolbarItem(separator, "palette"));
                            }
                            this._separator = separator.id;
                        }
                        gCustomizeMode.visiblePalette.appendChild(fragment);
                    } catch (e) {}
                ]]></body>
            </method>
            <method name="findSpecialWidgets">
                <parameter name="eltid"/>
                <parameter name="string"/>
                <body><![CDATA[
                    if (!eltid) return false;
                    try {
                        if (!gCustomizeMode.visiblePalette.querySelector("toolbar" + string + "[id^='" + eltid.split(string)[0] + string + "']"))
                            return true;
                        else
                            return false;
                    } catch (e) {
                        return false;
                    }
                ]]></body>
            </method>
        </implementation>
    </binding>
</bindings>
