<?xml version="1.0" encoding="UTF-8"?>
<bindings xmlns="http://www.mozilla.org/xbl">
    <binding id="bookmarks">
        <implementation>
            <constructor><![CDATA[
                if (document.documentURI.startsWith("chrome://browser/content/places/bookmarksSidebar.x") && "init" in window) {
                    var view = window.init;
                    window.init = function() {
                        view.apply(this, arguments);
                        document.querySelector("#bookmarks-view").place = "place:parent=menu________";
                    };
                }
            ]]></constructor>
        </implementation>
    </binding>
    <binding id="bookmarksold">
        <implementation>
            <constructor><![CDATA[
                if (document.documentURI == "chrome://browser/content/bookmarks/bookmarksPanel.xul" && "init" in window) {
                    var view = window.init;
                    window.init = function() {
                        view.apply(this, arguments);
                        document.querySelector("#bookmarks-view").place = "place:folder=BOOKMARKS_MENU";
                    };
                }
            ]]></constructor>
        </implementation>
    </binding>
</bindings>
