<?xml version="1.0" encoding="UTF-8"?>
<bindings
  xmlns="http://www.mozilla.org/xbl"
  xmlns:xul="http://www.mozilla.org/keymaster/gatekeeper/there.is.only.xul"
  xmlns:xbl="http://www.mozilla.org/xbl">
    <binding id="overlay">
        <implementation>
            <field name="_separator">null;</field>
            <field name="_spacer">null;</field>
            <field name="_spring">null;</field>
            <field name="_timer">null;</field>
            <constructor><![CDATA[
                window.addEventListener("customizationready", this, false);
                if (this.hasAttribute("addOverlays")) return;
                this.setAttribute("addOverlays", "true");
                let path = Components.stack.filename;
                document.loadOverlay(path.substring(0, path.lastIndexOf("/") + 1) + "overlay.xul", null);
            ]]></constructor>
            <destructor><![CDATA[
                window.removeEventListener("customizationready", this, false);
            ]]></destructor>
            <property name="getCustomizeMode" readonly="true">
                <getter><![CDATA[
                    if (!this._getCustomizeMode) {
                        try {
                            let tab = gBrowser.selectedTab.hasAttribute("customizemode");
                            if (tab && "gCustomizeMode" in window) {
                                this._getCustomizeMode = window.gCustomizeMode;
                            } else if (tab) {
                                let scope = {};
                                Components.utils.import("resource:///modules/CustomizeMode.jsm", scope);
                                this._getCustomizeMode = new scope.CustomizeMode(window);
                                this._getCustomizeMode.uninit();
                            } else
                                this._getCustomizeMode = null;
                        } catch (e) { 
                            this._getCustomizeMode = null;
                        }
                    }
                    return this._getCustomizeMode;
                ]]></getter>
            </property>
            <method name="handleEvent">
                <parameter name="event"/>
                <body><![CDATA[
                    if (!window.CustomizableUI || !CustomizableUI.createSpecialWidget || !this.getCustomizeMode)
                        return;
                    if (event.type == "customizationready") {
                        this.createSpecialWidgets();
                        window.addEventListener("customizationchange", this, false);
                        window.addEventListener("customizationending", this, false);
                    } else if (event.type == "customizationchange") {
                        clearTimeout(this._timer);
                        this._timer = setTimeout(() => {
                            this.createSpecialWidgets();
                        }, 1000);
                    } else if (event.type == "customizationending") {
                        window.removeEventListener("customizationchange", this, false);
                        window.removeEventListener("customizationending", this, false);
                    }
                ]]></body>
            </method>
            <method name="createSpecialWidgets">
                <body><![CDATA[
                    try {
                        let fragment = document.createDocumentFragment();
                        let visiblePalette = this.getCustomizeMode.visiblePalette;
                        if (!this._spring || this.findSpecialWidgets(this._spring, "spring")) {
                            let spring = CustomizableUI.createSpecialWidget("spring", document);
                            if (this._spring != null || (!this._spring && this.findSpecialWidgets(spring.id, "spring")))
                                fragment.appendChild(this.getCustomizeMode.wrapToolbarItem(spring, "palette"));
                            this._spring = spring.id;
                        }
                        if (!this._spacer || this.findSpecialWidgets(this._spacer, "spacer")) {
                            let spacer = CustomizableUI.createSpecialWidget("spacer", document);
                            if (this._spacer != null || (!this._spacer && this.findSpecialWidgets(spacer.id, "spacer")))
                                fragment.appendChild(this.getCustomizeMode.wrapToolbarItem(spacer, "palette"));
                            this._spacer = spacer.id;
                        }
                        if (!this._separator || this.findSpecialWidgets(this._separator, "separator")) {
                            let separator = CustomizableUI.createSpecialWidget("separator", document);
                            if (this._separator != null || (!this._separator && this.findSpecialWidgets(separator.id, "separator")))
                                fragment.appendChild(this.getCustomizeMode.wrapToolbarItem(separator, "palette"));
                            this._separator = separator.id;
                        }
                        visiblePalette.appendChild(fragment);
                    } catch (e) {}
                ]]></body>
            </method>
            <method name="findSpecialWidgets">
                <parameter name="eltid"/>
                <parameter name="string"/>
                <body><![CDATA[
                    if (!eltid) return false;
                    try {
                        let widget = this.getCustomizeMode.visiblePalette.querySelector("toolbar" + string + "[id^='" + eltid.split(string)[0] + string + "']");
                        if (!widget)
                            return true;
                        else
                            return false;
                    } catch (e) {
                        return false;
                    }
                ]]></body>
            </method>
        </implementation>
    </binding>
</bindings>
