<?xml version="1.0" encoding="UTF-8"?>
<bindings
  xmlns="http://www.mozilla.org/xbl"
  xmlns:xul="http://www.mozilla.org/keymaster/gatekeeper/there.is.only.xul"
  xmlns:xbl="http://www.mozilla.org/xbl">
    <binding id="autohide">
        <implementation>
            <field name="navtoolbox">window.gNavToolbox || document.querySelector("#navigator-toolbox");</field>
            <field name="autohidetoolbar">null;</field>
            <field name="autohidezone">null;</field>
            <field name="panelcontainer">null;</field>
            <field name="showTimer">null;</field>
            <field name="hideTimer">null;</field>
            <field name="initialized">false;</field>
            <field name="_visible">false;</field>
            <field name="isPopupOpen">false;</field>
            <field name="isMouseOver">false;</field>
            <constructor><![CDATA[
                this.autoHideToolbarID = "PersonalToolbar"; // - панель закладок или другой ID панели (если такая панель присутствует в #navigator-toolbox) для автоскрытия
                this.autoHideZoneID = "urlbar"; // - адресная строка или другой ID элемента (если такой элемент присутствует в #navigator-toolbox) при наведении на который или перетаскивании над ним, будет появлятся панель
                this.showDelay = 300; // Задержка появления панели
                this.hideDelay = 3000; // Задержка скрытия

                window.addEventListener("load", this, false);
                this.init();
            ]]></constructor>
            <destructor><![CDATA[
                if (!this.initialized) return;
                var autohidezone = this.autohidezone;
                autohidezone.removeEventListener("mouseenter", this, false);
                autohidezone.removeEventListener("mouseleave", this, false);
                autohidezone.removeEventListener("dragenter", this, false);
            ]]></destructor>
            <method name="handleEvent">
                <parameter name="event"/>
                <body><![CDATA[
                    this[event.type](event);
                ]]></body>
            </method>
            <method name="init">
                <body><![CDATA[
                    if (this.initialized || !("gBrowser" in window)) return;
                    var navtoolbox = this.navtoolbox;
                    var autohidetoolbar = this.autohidetoolbar = navtoolbox.querySelector("#" + this.autoHideToolbarID);
                    var autohidezone = this.autohidezone = navtoolbox.querySelector("#" + this.autoHideZoneID);
                    var panelcontainer = this.panelcontainer = gBrowser.mPanelContainer || gBrowser.tabpanels;
                    if (!autohidetoolbar || !autohidezone || !panelcontainer) return;
                    this.initialized = true;
                    window.removeEventListener("load", this, false);
                    autohidetoolbar.classList.add("chromeclass-auto-hide-toolbar");
                    if ("setToolbarVisibility" in window && (autohidetoolbar.collapsed || autohidetoolbar.getAttribute("autohide") == "true"))
                        setToolbarVisibility(autohidetoolbar, true);
                    autohidezone.addEventListener("mouseenter", this, false);
                    autohidezone.addEventListener("mouseleave", this, false);
                    autohidezone.addEventListener("dragenter", this, false);
                ]]></body>
            </method>
            <method name="load">
                <body><![CDATA[
                    this.init();
                ]]></body>
            </method>
            <method name="mouseenter">
                <parameter name="event"/>
                <body><![CDATA[
                    if (!this._visible && event.currentTarget == this.autohidezone)
                        this.showToolbar();
                    else if (event.currentTarget == this.navtoolbox)
                        this.isMouseOver = true;
                    else {
                        this.isMouseOver = false;
                        this.hideToolbar();
                    }
                ]]></body>
            </method>
            <method name="dragenter">
                <body><![CDATA[
                    if (!this._visible)
                        this.showToolbar();
                ]]></body>
            </method>
            <method name="mouseleave">
                <body><![CDATA[
                    clearTimeout(this.showTimer);
                ]]></body>
            </method>
            <method name="focusedElement">
                <body><![CDATA[
                    var focused = document.commandDispatcher.focusedElement;
                    if (focused && focused.ownerDocument == document && focused.localName == "input" && "closest" in focused && focused.closest("#navigator-toolbox > #" + this.autoHideToolbarID))
                        return true;
                    return false;
                ]]></body>
            </method>
            <method name="popupshown">
                <parameter name="event"/>
                <body><![CDATA[
                    if (event.target.localName != "tooltip" && event.target.localName != "window")
                        this.isPopupOpen = true;
                ]]></body>
            </method>
            <method name="popuphidden">
                <parameter name="event"/>
                <body><![CDATA[
                    if (event.target.localName != "tooltip" && event.target.localName != "window") {
                        this.isPopupOpen = false;
                        this.hideToolbar();
                    }
                ]]></body>
            </method>
            <method name="showToolbar">
                <body><![CDATA[
                    clearTimeout(this.showTimer);
                    this.showTimer = setTimeout(() => {
                        this.autohidetoolbar.setAttribute("auto-hide-toolbar-visible", true);
                        this._visible = true;
                        this.panelcontainer.addEventListener("mouseenter", this, false);
                        var navtoolbox = this.navtoolbox;
                        navtoolbox.addEventListener("mouseenter", this, false);
                        navtoolbox.addEventListener("popupshown", this, false);
                        navtoolbox.addEventListener("popuphidden", this, false);
                    }, this.showDelay);
                ]]></body>
            </method>
            <method name="hideToolbar">
                <body><![CDATA[
                    clearTimeout(this.hideTimer);
                    this.hideTimer = setTimeout(() => {
                        if (this.isPopupOpen || this.isMouseOver || this.focusedElement()) return;
                        this.panelcontainer.removeEventListener("mouseenter", this, false);
                        var navtoolbox = this.navtoolbox;
                        navtoolbox.removeEventListener("mouseenter", this, false);
                        navtoolbox.removeEventListener("popupshown", this, false);
                        navtoolbox.removeEventListener("popuphidden", this, false);
                        this.autohidetoolbar.removeAttribute("auto-hide-toolbar-visible");
                        this._visible = false;
                    }, this.hideDelay);
                ]]></body>
            </method>
        </implementation>
    </binding>
</bindings>
