<?xml version="1.0" encoding="UTF-8"?>
<bindings xmlns="http://www.mozilla.org/xbl"
    xmlns:xul="http://www.mozilla.org/keymaster/gatekeeper/there.is.only.xul"
    xmlns:xbl="http://www.mozilla.org/xbl">
    <binding id="button">
        <implementation>
            <field name="_eventListeners">[];</field>
            <field name="tree">null;</field>
            <constructor><![CDATA[
                var knsxul = "http://www.mozilla.org/keymaster/gatekeeper/there.is.only.xul";
                var button = document.createElementNS(knsxul, "button");
                button.id = "sidebar-button-toggle-state";
                button.setAttribute("tooltiptext", "ЛКМ: Закрыть все папки\nПКМ: Открыть все папки");
                this.insertBefore(button, this.firstChild);
                this._addEventListener(button, "click", (event) => {
                    event.stopPropagation();
                    if (event.button == 0)
                        this.toggleState(true);
                    else if (event.button == 2)
                        this.toggleState(false);
                }, false);
            ]]></constructor>
            <destructor><![CDATA[
                this._eventListeners.forEach((args) => args[0].removeEventListener(args[1], args[2], args[3]));
            ]]></destructor>
            <method name="_addEventListener">
                <body><![CDATA[
                    arguments[0].addEventListener(arguments[1], arguments[2], arguments[3]);
                    this._eventListeners.push(arguments);
                ]]></body>
            </method>
            <method name="toggleState">
                <parameter name="open"/>
                <body><![CDATA[
                    var tree = this.tree || (this.tree = document.querySelector("tree.sidebar-placesTree"));
                    if (!tree)
                        return;
                    var view = tree.view;
                    var index = view.rowCount;
                    for (var i = 0; i < index; i++) {
                        if (view.isContainer(i) && view.isContainerOpen(i) == open) {
                            view.toggleOpenState(i);
                            index = view.rowCount;
                        }
                    }
                ]]></body>
            </method>
        </implementation>
    </binding>
</bindings>
