<?xml version="1.0" encoding="UTF-8"?>
<bindings xmlns="http://www.mozilla.org/xbl">
    <binding id="favicon">
        <implementation>
            <field name="initialized">false;</field>
            <constructor><![CDATA[
                var init = () => {
                    if (this.initialized) return;
                    this.initialized = true;
                    gBrowser.tabContainer.addEventListener("TabAttrModified", this, false);
                    gBrowser.addProgressListener(this);
                };
                var load = () => {
                    window.removeEventListener("load", load, false);
                    init();
                };
                if (!window.gBrowser)
                    window.addEventListener("load", load, false);
                else
                    init();
            ]]></constructor>
            <destructor><![CDATA[
                if (!this.initialized || !window.gBrowser) return;
                this.initialized = false;
                gBrowser.tabContainer.removeEventListener("TabAttrModified", this, false);
                gBrowser.removeProgressListener(this);
            ]]></destructor>
            <method name="onStateChange">
                <parameter name="aWebProgress"/>
                <parameter name="aRequest"/>
                <parameter name="aStateFlags"/>
                <parameter name="aStatus"/>
                <body><![CDATA[
                    var nsiwpl = Ci.nsIWebProgressListener;
                    if ((aStateFlags & nsiwpl.STATE_START) && (aStateFlags & nsiwpl.STATE_IS_NETWORK) &&
                        !(aStateFlags & nsiwpl.STATE_RESTORING) && aWebProgress && aWebProgress.isTopLevel) {
                        this.setAttribute("busy", true);
                    } else if (aStateFlags & nsiwpl.STATE_STOP) {
                        if (this.hasAttribute("busy"))
                            this.removeAttribute("busy");
                        if (!gBrowser.selectedTab.image)
                            this.style.setProperty("--v-identity-icon-image", "");
                    }
                ]]></body>
            </method>
            <method name="handleEvent">
                <parameter name="event"/>
                <body><![CDATA[
                    var tab = event.target, changed, image;
                    if (tab.selected && (changed = event.detail.changed)) {
                        if (!(image = tab.image))
                            this.style.setProperty("--v-identity-icon-image", "");
                        else if (changed.includes("selected") || changed.includes("image")) {
                            this.style.setProperty("--v-identity-icon-image", `url('${image}')`);
                            if (this.hasAttribute("busy"))
                                this.removeAttribute("busy");
                        }
                    }
                ]]></body>
            </method>
        </implementation>
    </binding>
</bindings>
