<?xml version="1.0"?>
<bindings id="tab-close-bindings"
          xmlns="http://www.mozilla.org/xbl"
          xmlns:xul="http://www.mozilla.org/keymaster/gatekeeper/there.is.only.xul"
          xmlns:xbl="http://www.mozilla.org/xbl">   
  <binding id="tab-close" display="xul:box" extends="chrome://global/content/bindings/tabbox.xml#tab">
    <content>
      <xul:hbox class="tab-middle box-inherit" xbl:inherits="align,dir,pack,orient,selected,visuallyselected" flex="1">
        <xul:image class="tab-icon"
                   xbl:inherits="validate,src=image"
                   role="presentation"/>
        <xul:label class="tab-text"
                   xbl:inherits="value=label,accesskey,crop,disabled"
                   flex="1"
                   role="presentation"/>
        <xul:toolbarbutton anonid="close-button" 
            class="tab-close-button close-icon" 
            oncommand="_tab_close();"
            xbl:inherits="selected,visuallyselected" />
      </xul:hbox>
    </content>
    <implementation>
      <method name="_tab_close">
        <body><![CDATA[
          this.parentNode.parentNode.parentNode.parentNode.removeTab(this);
        ]]></body>
       </method>
    </implementation>
    <handlers>
      <handler event="dragstart" phase="capturing">
        <![CDATA[
          if (event.originalTarget.getAttribute("anonid") == "close-button")
            return false;
		  ]]>
      </handler>
      <handler event="mousedown" button="0" phase="capturing">
        <![CDATA[
          if (event.originalTarget.getAttribute("anonid") == "close-button")
            event.stopPropagation();
        ]]>      
      </handler>
    </handlers>
  </binding>
</bindings>
