<?xml version="1.0" encoding="UTF-8"?>
<bindings xmlns="http://www.mozilla.org/xbl">
    <binding id="sidebar">
        <handlers>
            <handler event="dragenter"><![CDATA[
                if (!this.hasAttribute("sidebardrag"))
                    this.setAttribute("sidebardrag", "true");
            ]]></handler>
            <handler event="drop"><![CDATA[
                if (this.hasAttribute("sidebardrag"))
                    this.removeAttribute("sidebardrag");
            ]]></handler>
            <handler event="dragexit"><![CDATA[
                var boxObj = this.boxObject;
                if ((!event.relatedTarget || event.screenY <= (boxObj.screenY + 5) || event.screenY  >= (boxObj.screenY + boxObj.height - 5)
                    || event.screenX <= (boxObj.screenX + 5) || event.screenX >= (boxObj.screenX + boxObj.width - 5))
                    && this.hasAttribute("sidebardrag"))
                        this.removeAttribute("sidebardrag");
            ]]></handler>
        </handlers>
    </binding>
</bindings>
