<?xml version="1.0" encoding="UTF-8"?>
<bindings xmlns="http://www.mozilla.org/xbl">
    <binding id="startend">
        <implementation>
            <field name="_eventListeners">[];</field>
            <constructor><![CDATA[
                var browser = this.parentNode, ns_xul = "http://www.mozilla.org/keymaster/gatekeeper/there.is.only.xul";
                var start = document.createElementNS(ns_xul, "vbox");
                start.id = "browser-create-start";
                start.setAttribute("tooltiptext", "ЛКМ: На предыдущую страницу\nПКМ: Восстановить закрытую вкладку");
                browser.insertBefore(start, browser.firstChild);
                this._addEventListener(start, "click", function(event) {
                    if (event.shiftKey || event.ctrlKey)
                        return;
                    event.stopPropagation();
                    if (event.button == 0)
                        BrowserBack(event);
                    else if (event.button == 2)
                        undoCloseTab();
                }, false);
                var end = document.createElementNS(ns_xul, "vbox");
                end.id = "browser-create-end";
                end.setAttribute("tooltiptext", "ЛКМ: Закрыть вкладку\nСКМ: Добавить закладку без подтверждения\n          Переключение вкладок колёсиком мыши\nПКМ: Открыть новую вкладку");
                browser.appendChild(end);
                this._addEventListener(end, "click", function(event) {
                    if (event.shiftKey || event.ctrlKey)
                        return;
                    event.stopPropagation();
                    if (event.button == 0) {
                        if (gBrowser.tabContainer.childElementCount == 1)
                            gBrowser.addTab(BROWSER_NEW_TAB_URL, {
                                triggeringPrincipal: Services.scriptSecurityManager.getSystemPrincipal()
                            });
                        gBrowser.removeCurrentTab();
                    } else if (event.button == 1) {
                        var uri = Services.io.newURI(gBrowser.currentURI.spec, null, null);
                        var title = gBrowser.contentTitle;
                        if (title === "")
                            title = gBrowser.currentURI.spec;
                        var NavBookmarksService = Cc["@mozilla.org/browser/nav-bookmarks-service;1"].getService(Ci.nsINavBookmarksService);
                        NavBookmarksService.insertBookmark(NavBookmarksService.bookmarksMenuFolder, uri, NavBookmarksService.DEFAULT_INDEX, title);
                    } else if (event.button == 2)
                        BrowserOpenTab();
                }, false);
                var tabContain = gBrowser.tabContainer;
                this._addEventListener(end, "wheel", function(event) {
                    if (event.shiftKey || event.ctrlKey)
                        return;
                    event.stopPropagation();
                    tabContain.advanceSelectedTab(event.deltaY < 0 ? 1 : -1, false);
                }, false);
            ]]></constructor>
            <destructor><![CDATA[
                this._eventListeners.forEach((args) => args[0].removeEventListener(args[1], args[2], args[3]));
            ]]></destructor>
            <method name="_addEventListener">
                <body><![CDATA[
                    arguments[0].addEventListener(arguments[1], arguments[2], arguments[3]);
                    this._eventListeners.push(arguments);
                ]]></body>
            </method>
        </implementation>
    </binding>
</bindings>
