<?xml version="1.0" encoding="UTF-8"?>
<bindings xmlns="http://www.mozilla.org/xbl">
    <binding id="startend">
        <implementation>
            <field name="_eventListeners">[];</field>
            <constructor><![CDATA[
                var browser = this.parentNode, ns_xul = "http://www.mozilla.org/keymaster/gatekeeper/there.is.only.xul";
                var start = document.createElementNS(ns_xul, "vbox");
                start.id = "browser-create-start";
                start.setAttribute("tooltiptext", "ЛКМ: Обновить текущую страницу\nПКМ: Восстановить закрытую вкладку");
                browser.insertBefore(start, browser.firstChild);
                this._addEventListener(start, "click", function(event) {
                    if (event.shiftKey || event.ctrlKey)
                        return;
                    event.stopPropagation();
                    if (event.button == 0)
                        BrowserReload();
                    else if (event.button == 2)
                        undoCloseTab();
                }, false);
                var end = document.createElementNS(ns_xul, "vbox");
                end.id = "browser-create-end";
                end.setAttribute("tooltiptext", "ЛКМ: Закрыть вкладку\nСКМ: Удалить закладку(и) и перейти на следующую\n          Переключение вкладок колёсиком мыши\nПКМ: Открыть новую вкладку");
                browser.appendChild(end);
                this._addEventListener(end, "click", function(event) {
                    if (event.shiftKey || event.ctrlKey)
                        return;
                    event.stopPropagation();
                    if (event.button == 0) {
                        if (gBrowser.tabContainer.childElementCount == 1)
                            gBrowser.addTab(BROWSER_NEW_TAB_URL, {
                                triggeringPrincipal: Services.scriptSecurityManager.getSystemPrincipal()
                            });
                        gBrowser.removeCurrentTab();
                    } else if (event.button == 1) {
                        var _url = gBrowser.currentURI.spec;
                        PlacesUtils.bookmarks.search({url: _url}).then((array) => {
                            if (!array.length)
                                return;
                            var lastguid = array[array.length - 1];
                            PlacesUtils.bookmarks.fetch({ parentGuid: lastguid.parentGuid, index: lastguid.index + 1 }).then(next => {
                                if (next)
                                    openTrustedLinkIn(next.url.href, "current");
                            });
                            array.forEach((obj) => {
                                PlacesUtils.bookmarks.remove(obj);
                            });
                        });
                    } else if (event.button == 2)
                        BrowserOpenTab();
                }, false);
                var tabContain = gBrowser.tabContainer;
                var selectedTab = function(event) {
                    if (event.shiftKey || event.ctrlKey)
                        return;
                    event.stopPropagation();
                    try {
                        tabContain.advanceSelectedTab(event.deltaY < 0 ? 1 : -1, false);
                    } catch(e) {}
                };
                this._addEventListener(end, "wheel", selectedTab, false);
                this._addEventListener(gNavToolbox.querySelector("#nav-bar"), "wheel", selectedTab, false);
                this._addEventListener(gNavToolbox.querySelector("#PersonalToolbar"), "wheel", selectedTab, false);
            ]]></constructor>
            <destructor><![CDATA[
                this._eventListeners.forEach((args) => args[0].removeEventListener(args[1], args[2], args[3]));
            ]]></destructor>
            <method name="_addEventListener">
                <body><![CDATA[
                    arguments[0].addEventListener(arguments[1], arguments[2], arguments[3]);
                    this._eventListeners.push(arguments);
                ]]></body>
            </method>
        </implementation>
    </binding>
</bindings>
