<?xml version="1.0" encoding="UTF-8"?>
<bindings
  xmlns="http://www.mozilla.org/xbl"
  xmlns:xul="http://www.mozilla.org/keymaster/gatekeeper/there.is.only.xul"
  xmlns:xbl="http://www.mozilla.org/xbl">
    <binding id="startend">
        <implementation>
            <field name="browser">this.parentNode;</field>
            <field name="_eventListeners">[];</field>
            <constructor><![CDATA[
                var start = document.createElement("vbox");
                start.id = "browser-create-start";
                start.setAttribute("tooltiptext", "ЛКМ: На предыдущую страницу\nПКМ: Восстановить закрытую вкладку");
                this.browser.insertBefore(start, this.browser.firstChild);
                this._addEventListener(start, "click", function(event) {
                   if (event.shiftKey || event.ctrlKey)
                      return;
                   event.stopPropagation();
                   if (event.button == 0)
                      BrowserBack(event);
                   else if (event.button == 2)
                      undoCloseTab();
                }, false);
                var end = document.createElement("vbox");
                end.id = "browser-create-end";
                end.setAttribute("tooltiptext", "ЛКМ: Закрыть вкладку\nПКМ: Открыть новую вкладку");
                this.browser.appendChild(end);
                this._addEventListener(end, "click", function(event) {
                   if (event.shiftKey || event.ctrlKey)
                      return;
                   event.stopPropagation();
                   if (event.button == 0) {
                      if (gBrowser.tabContainer.childNodes.length == 1)
                         gBrowser.addTab(BROWSER_NEW_TAB_URL);
                      gBrowser.removeCurrentTab();
                   } else if (event.button == 2)   
                      BrowserOpenTab();
                }, false);
            ]]></constructor>
            <destructor><![CDATA[
                this._eventListeners.forEach((args) => args[0].removeEventListener(args[1], args[2], args[3]));
            ]]></destructor>
            <method name="_addEventListener">
                <body><![CDATA[
                    arguments[0].addEventListener(arguments[1], arguments[2], arguments[3]);
                    this._eventListeners.push(arguments);
                ]]></body>
            </method>
        </implementation>
    </binding>
</bindings>
