<?xml version="1.0" encoding="UTF-8"?>
<bindings
  xmlns="http://www.mozilla.org/xbl"
  xmlns:xul="http://www.mozilla.org/keymaster/gatekeeper/there.is.only.xul"
  xmlns:xbl="http://www.mozilla.org/xbl">
    <binding id="findbar">
        <implementation>
            <field name="findbar">null;</field>
            <field name="browserContainer">null;</field>
            <field name="addListener">false;</field>
            <field name="timer">null;</field>
            <constructor><![CDATA[
                this.delay = 3000; // Задержка скрытия
                var findbar = this.findbar = this.parentNode.parentNode;
                var browserContainer = this.browserContainer = findbar.parentNode;
                findbar.addEventListener("findbaropen", this, false);
                if (window.gFindBarInitialized && !findbar.hidden && !this.addListener) {
                    this.addListener = true;
                    browserContainer.addEventListener("mousedown", this, false);
                }
                if ("_FindBar_Close_KeyCode" in window) return;
                Object.defineProperty(window, "_FindBar_Close_KeyCode", {
                    value: {
                        init: function() {
                            window.addEventListener("keydown", this, true);
                            window.addEventListener("unload", this, false);
                        },
                        handleEvent: function(event) {
                            if (event.type == "keydown" && event.ctrlKey && event.keyCode == 70 && window.gFindBarInitialized && !gFindBar.hidden && !event.altKey && !event.shiftKey) {
                                event.preventDefault();
                                gFindBar.close();
                            } else if (event.type == "unload") {
                                window.removeEventListener("unload", this, false);
                                window.removeEventListener("keydown", this, true);
                            }
                        }
                    },
                    writable: false,
                    configurable: true,
                    enumerable: false
                });
                window._FindBar_Close_KeyCode.init();
            ]]></constructor>
            <destructor><![CDATA[
                this.findbar.removeEventListener("findbaropen", this, false);
                if (this.addListener)
                    this.browserContainer.removeEventListener("mousedown", this, false);
            ]]></destructor>
            <method name="handleEvent">
                <parameter name="event"/>
                <body><![CDATA[
                    clearTimeout(this.timer);
                    if (event.type == "mousedown" && event.target !== this.findbar) {
                        this.timer = setTimeout(() => {
                            if (!this.findbar.hidden)
                                this.findbar.close();
                            if (this.addListener) {
                                this.browserContainer.removeEventListener("mousedown", this, false);
                                this.addListener = false;
                            }
                        }, this.delay);
                    } else if (event.type == "findbaropen" && !this.addListener) {
                        this.addListener = true;
                        this.browserContainer.addEventListener("mousedown", this, false);
                    }
                ]]></body>
            </method>
        </implementation>
    </binding>
</bindings>
